{"relative_reward": -0.19939442264244997, "agents all reward": -0.19939442264244997, "adversaries all reward": 0.0, "a_loss agent leader": -2.0286576237458105, "a_loss agent follower": -1.387537100366601, "c_loss agent leader": 0.9000774669832845, "c_loss agent follower": 0.09178747680869749, "entropy agent leader": 4.360907522413347, "entropy agent follower": 2.257889026587038, "a_loss adversary leader": -1.14788638935307, "a_loss adversary follower": 1.1322804151885586, "c_loss adversary leader": 1.5436915086256517, "c_loss adversary follower": 6.343628703008772, "entropy adversary leader": 4.6018363092273455, "entropy adversary follower": 2.6625009943623885, "_timestamp": 1654588407, "_runtime": 359, "_step": 37}