{"adversaries all reward": 3.0055017254430445, "agents all reward": -2.9498360149312015, "relative_reward": 0.05566571051184299, "_timestamp": 1671195389.1722186, "_runtime": 3340.1126136779785, "_step": 79}