{"adversaries all reward": 9.009873499515422, "agents all reward": -0.30000000000000004, "relative_reward": 8.709873499515421, "_timestamp": 1671297185.7211416, "_runtime": 10143.32593369484, "_step": 218}