{"adversaries all reward": 12.063912440819658, "agents all reward": -5.41396342976112, "relative_reward": 6.649949011058538, "_timestamp": 1671434270.2443242, "_runtime": 1550.0075073242188, "_step": 13}