{"relative_reward": 0.0, "agents all reward": 0.0, "adversaries all reward": 0.0, "a_loss agent leader": -2.7905653388129856, "a_loss agent follower": -2.662074025771317, "c_loss agent leader": 0.20937241836407464, "c_loss agent follower": 0.16232515716479307, "a_loss adversary leader": -2.1175748061916257, "a_loss adversary follower": -1.3630858056741433, "c_loss adversary leader": 1.1373006841459943, "c_loss adversary follower": 2.558635523914927, "_timestamp": 1654587984, "_runtime": 256, "_step": 26}