{"relative_reward": -0.20956202469700286, "agents all reward": -0.20956202469700286, "adversaries all reward": 0.0, "a_loss agent leader": -0.49706601147280194, "a_loss agent follower": 2.7022620216575475, "c_loss agent leader": 4.304420358257342, "c_loss agent follower": 10.73217109957267, "a_loss adversary leader": -2.4859621785326578, "a_loss adversary follower": -0.2361928030094017, "c_loss adversary leader": 0.9501042694152155, "c_loss adversary follower": 3.6978072634398327, "_timestamp": 1654587798, "_runtime": 70, "_step": 6}