{"adversaries all reward": 30.086827336321186, "agents all reward": -0.5, "relative_reward": 29.586827336321186, "_timestamp": 1671434270.2405317, "_runtime": 1549.7876777648926, "_step": 13}