{"adversaries all reward": 0.0010874876331457286, "agents all reward": -11.069280074762217, "relative_reward": -11.06819258712907, "_timestamp": 1671367413.8175564, "_runtime": 19719.60826230049, "_step": 420}