{"relative_reward": 7.047146071435808, "agents all reward": -1.9537375405841149, "adversaries all reward": 9.000883612019923, "a_loss agent leader": 2.911828637123108, "a_loss agent follower": 0.0, "c_loss agent leader": 0.017064038896933198, "c_loss agent follower": 0.0, "entropy agent leader": 5.281106233596802, "entropy agent follower": 0.0, "a_loss adversary leader": 2.799945116043091, "a_loss adversary follower": 0.0, "c_loss adversary leader": 1.1307526230812073, "c_loss adversary follower": 0.0, "entropy adversary leader": 6.09228253364563, "entropy adversary follower": 0.0, "_timestamp": 1655531660, "_runtime": 327930, "_step": 4986}