{"adversaries all reward": 6.001382334108672, "agents all reward": -11.753678533683843, "relative_reward": -5.752296199575171, "_timestamp": 1671431993.4579487, "_runtime": 348.8530275821686, "_step": 2}