{"adversaries all reward": 0.025018571564526148, "agents all reward": -0.028660724370906877, "relative_reward": -0.0036421528063807287, "_timestamp": 1671347451.7770576, "_runtime": 50007.86776661873, "_step": 1080}