{"adversaries all reward": 15.02051605299841, "agents all reward": -0.5041478806084495, "relative_reward": 14.51636817238996, "_timestamp": 1671297185.722409, "_runtime": 10143.76178598404, "_step": 218}