{"adversaries all reward": 6.011039220511873, "agents all reward": -0.4459697813501172, "relative_reward": 5.565069439161756, "_timestamp": 1671259219.1760063, "_runtime": 40465.9562022686, "_step": 979}