{"adversaries all reward": 0.0027369077277658157, "agents all reward": -2.806635516093025, "relative_reward": -2.8038986083652593, "_timestamp": 1671201274.4056396, "_runtime": 4587.974763631821, "_step": 109}