{"relative_reward": 0.2179473249659368, "agents all reward": 0.0, "adversaries all reward": 0.2179473249659368, "a_loss agent leader": -1.1266744881333188, "a_loss agent follower": -2.2182884026351104, "c_loss agent leader": 0.4344085293317508, "c_loss agent follower": 0.7703676309196071, "entropy agent leader": 4.721425175684322, "entropy agent follower": 2.7360514798278937, "a_loss adversary leader": 3.590637066119763, "a_loss adversary follower": -0.9814875470243876, "c_loss adversary leader": 10.207782532879516, "c_loss adversary follower": 2.7479692756030647, "entropy adversary leader": 4.538215983831488, "entropy adversary follower": 2.4758690748849315, "_timestamp": 1654613848, "_runtime": 52, "_step": 4}