{"adversaries all reward": 72.0041249338078, "agents all reward": -2.142716290045965, "relative_reward": 69.86140864376183, "_timestamp": 1672100556.6676805, "_runtime": 665683.9304544926, "_step": 6096}