{"adversaries all reward": 0.0, "agents all reward": -3.5877706918547747, "relative_reward": -3.5877706918547747, "_timestamp": 1671184894.3795233, "_runtime": 281.53646326065063, "_step": 6}