{"adversaries all reward": 0.016588429827781206, "agents all reward": -0.008400275117927037, "relative_reward": 0.00818815470985417, "_timestamp": 1671286412.2456088, "_runtime": 22207.55304670334, "_step": 517}