{"adversaries all reward": 12.015519291976108, "agents all reward": -9.789135067929363, "relative_reward": 2.226384224046745, "_timestamp": 1671434270.2457402, "_runtime": 1549.7658061981201, "_step": 13}