{"relative_reward": 23.255352082437014, "agents all reward": -0.8414758063190547, "adversaries all reward": 24.096827888756067, "a_loss agent leader": 2.9614551067352295, "a_loss agent follower": 0.0, "c_loss agent leader": 0.020924082025885582, "c_loss agent follower": 0.0, "entropy agent leader": 5.62725555896759, "entropy agent follower": 0.0, "a_loss adversary leader": 2.5935954451560974, "a_loss adversary follower": 2.5151320099830627, "c_loss adversary leader": 0.9488220363855362, "c_loss adversary follower": 0.5969683229923248, "entropy adversary leader": 6.151757121086121, "entropy adversary follower": 5.675753593444824, "_timestamp": 1675349590.1984987, "_runtime": 355323.73418068886, "_step": 5199}