{"relative_reward": 0.0037804456937863672, "agents all reward": 0.0, "adversaries all reward": 0.0037804456937863672, "a_loss agent leader": 0, "a_loss agent follower": 0, "c_loss agent leader": 0, "c_loss agent follower": 0, "entropy agent leader": 0, "entropy agent follower": 0, "a_loss adversary leader": -0.6488201884378263, "a_loss adversary follower": -1.2189536639585055, "c_loss adversary leader": 3.744131901290473, "c_loss adversary follower": 1.5272134165991533, "entropy adversary leader": 4.653382730195171, "entropy adversary follower": 2.326279286396775, "_timestamp": 1654846386, "_runtime": 6814, "_step": 332}