{"relative_reward": 2.4557891335266433, "agents all reward": -0.07484813507111339, "adversaries all reward": 2.5306372685977565, "a_loss agent leader": -0.5263328169745011, "a_loss agent follower": -1.6891672345706386, "c_loss agent leader": 2.4890488012240155, "c_loss agent follower": 0.33887640840895056, "entropy agent leader": 4.624786462622159, "entropy agent follower": 1.512884654536024, "a_loss adversary leader": -0.2953488681994283, "a_loss adversary follower": -1.8822700068936864, "c_loss adversary leader": 3.3914414652888696, "c_loss adversary follower": 1.695513863740358, "entropy adversary leader": 4.753824376964946, "entropy adversary follower": 1.4666306318287419, "_timestamp": 1654608618, "_runtime": 34, "_step": 2}