{"relative_reward": -0.7780159845596565, "agents all reward": -0.778453079850068, "adversaries all reward": 0.00043709529041146785, "a_loss agent leader": -2.089686037992589, "a_loss agent follower": -0.2077933414220221, "c_loss agent leader": 2.024761039058901, "c_loss agent follower": 4.185306639055334, "entropy agent leader": 4.600876297522944, "entropy agent follower": 1.0824753170198675, "a_loss adversary leader": -1.9703741674184694, "a_loss adversary follower": -1.5482866557948658, "c_loss adversary leader": 1.8138049635776687, "c_loss adversary follower": 0.2902327866523392, "entropy adversary leader": 4.232455752439965, "entropy adversary follower": 2.1682076570668696, "_timestamp": 1654617979, "_runtime": 4071, "_step": 433}