{"adversaries all reward": 12.025777616903255, "agents all reward": -0.503451365630598, "relative_reward": 11.522326251272657, "_timestamp": 1671259219.185292, "_runtime": 40465.33411312103, "_step": 979}