{"relative_reward": 37.12819058345928, "agents all reward": -1.8724839019932658, "adversaries all reward": 39.00067448545254, "a_loss agent leader": 2.972703754901886, "a_loss agent follower": 0.0, "c_loss agent leader": 0.02227853238582611, "c_loss agent follower": 0.0, "entropy agent leader": 5.10011887550354, "entropy agent follower": 0.0, "a_loss adversary leader": 2.518063962459564, "a_loss adversary follower": 2.0216671228408813, "c_loss adversary leader": 0.9986040145158768, "c_loss adversary follower": 0.7698692083358765, "entropy adversary leader": 5.8109554052352905, "entropy adversary follower": 5.675783395767212, "_timestamp": 1659691824, "_runtime": 193848, "_step": 2914}