{"adversaries all reward": 15.045016426329887, "agents all reward": -0.6530923931137111, "relative_reward": 14.391924033216176, "_timestamp": 1671347451.7848127, "_runtime": 50008.75487065315, "_step": 1080}