{"adversaries all reward": 0.001704303589590398, "agents all reward": -6.845784847769391, "relative_reward": -6.844080544179801, "_timestamp": 1671191805.397358, "_runtime": 6743.424057006836, "_step": 160}