{"adversaries all reward": 3.0117573439152725, "agents all reward": -8.931220096321516, "relative_reward": -5.919462752406243, "_timestamp": 1671431269.8881578, "_runtime": 61117.97765183449, "_step": 1341}