{"a_loss_agent": 7.3684293031692505, "a_loss_adversary": 128.82167053222656, "adversaries all reward": 0.000823054904164094, "agents all reward": -1.7489883910651554, "relative_reward": -1.7481653361609912, "_timestamp": 1671369905.094763, "_runtime": 315.31073808670044, "_step": 6}