{"adversaries all reward": 0.0024150113708960447, "agents all reward": -8.113932780159454, "relative_reward": -8.111517768788557, "_timestamp": 1671195389.1655564, "_runtime": 3339.609540462494, "_step": 79}