{"adversaries all reward": 3.244165215654295, "agents all reward": -0.1, "relative_reward": 3.144165215654295, "_timestamp": 1671286412.2508636, "_runtime": 22209.193786621094, "_step": 517}