{"adversaries all reward": 21.002189761462454, "agents all reward": -6.724426877580509, "relative_reward": 14.277762883881945, "_timestamp": 1671431269.8896666, "_runtime": 61117.60009050369, "_step": 1341}