{"adversaries all reward": 18.02098224828943, "agents all reward": -0.30000000000000004, "relative_reward": 17.72098224828943, "_timestamp": 1672100556.654448, "_runtime": 665683.2812919617, "_step": 6096}