{"adversaries all reward": 0.007106074333290092, "agents all reward": -0.4592004805027857, "relative_reward": -0.45209440616949564, "_timestamp": 1671369905.1021411, "_runtime": 315.3545570373535, "_step": 6}