{"adversaries all reward": 0.00019073177948291688, "agents all reward": -6.740637303191608, "relative_reward": -6.740446571412125, "_timestamp": 1671184148.6837883, "_runtime": 1899.6800663471222, "_step": 46}