{"adversaries all reward": 0.0, "agents all reward": -13.260762287612748, "relative_reward": -13.260762287612748, "_timestamp": 1671184894.3740573, "_runtime": 282.75051736831665, "_step": 6}