{"relative_reward": 28.69120954924131, "agents all reward": -1.3235592467808217, "adversaries all reward": 30.014768796022132, "a_loss agent leader": 2.942438542842865, "a_loss agent follower": 0.0, "c_loss agent leader": 0.03366508288308978, "c_loss agent follower": 0.0, "entropy agent leader": 5.300302982330322, "entropy agent follower": 0.0, "a_loss adversary leader": 3.104405701160431, "a_loss adversary follower": 2.6162867844104767, "c_loss adversary leader": 2.2601872086524963, "c_loss adversary follower": 2.1112085580825806, "entropy adversary leader": 5.922485947608948, "entropy adversary follower": 5.675793647766113, "_timestamp": 1659168419, "_runtime": 400499, "_step": 6077}