{"a_loss_agent": 0.006875373888760805, "a_loss_adversary": 0.02505726320669055, "adversaries all reward": 3.0233776051780485, "agents all reward": -11.47100309467141, "relative_reward": -8.447625489493362, "_timestamp": 1671191805.4009507, "_runtime": 6743.194021701813, "_step": 160}