{"adversaries all reward": 0.012550173073933153, "agents all reward": -7.566349358482846, "relative_reward": -7.553799185408913, "_timestamp": 1671195389.1584136, "_runtime": 3338.909891605377, "_step": 79}