{"adversaries all reward": 6.008566354513199, "agents all reward": -4.494073691915287, "relative_reward": 1.5144926625979123, "_timestamp": 1671184148.6793878, "_runtime": 1899.199730873108, "_step": 46}