{"adversaries all reward": 0.0, "agents all reward": -13.642353785251512, "relative_reward": -13.642353785251512, "_timestamp": 1671431993.4521992, "_runtime": 347.7412781715393, "_step": 2}