{"relative_reward": -0.6356018253631661, "agents all reward": -0.6412522986944388, "adversaries all reward": 0.005650473331272692, "a_loss agent leader": 2.7862799167633057, "a_loss agent follower": 0.0, "c_loss agent leader": 0.029764675069600344, "c_loss agent follower": 0.0, "entropy agent leader": 5.719866633415222, "entropy agent follower": 0.0, "a_loss adversary leader": 1.9850352108478546, "a_loss adversary follower": 2.120352268218994, "c_loss adversary leader": 0.2255220115184784, "c_loss adversary follower": 0.21239470690488815, "entropy adversary leader": 6.125572204589844, "entropy adversary follower": 5.6757471561431885, "_timestamp": 1674607281.7378366, "_runtime": 40121.30481052399, "_step": 586}