{"relative_reward": 82.37947153836994, "agents all reward": -1.643228297183486, "adversaries all reward": 84.02269983555342, "a_loss agent leader": 2.8117899894714355, "a_loss agent follower": 0.0, "c_loss agent leader": 0.014942580601200461, "c_loss agent follower": 0.0, "entropy agent leader": 5.824414849281311, "entropy agent follower": 0.0, "a_loss adversary leader": 2.5078009366989136, "a_loss adversary follower": 3.260279655456543, "c_loss adversary leader": 1.18398517370224, "c_loss adversary follower": 14.828585624694824, "entropy adversary leader": 6.285734534263611, "entropy adversary follower": 5.6757941246032715, "_timestamp": 1668170726.6530423, "_runtime": 265718.420866251, "_step": 2289}