{"adversaries all reward": 0.014026127467096219, "agents all reward": -4.131073205495645, "relative_reward": -4.117047078028549, "_timestamp": 1671201274.4031076, "_runtime": 4588.20521569252, "_step": 109}