{"adversaries all reward": 0.00017921662052375323, "agents all reward": -11.157406031820264, "relative_reward": -11.15722681519974, "_timestamp": 1671368866.5909796, "_runtime": 684.8930385112762, "_step": 14}