{"adversaries all reward": 0.0016797576936445563, "agents all reward": -19.63388543459361, "relative_reward": -19.632205676899964, "_timestamp": 1671191805.3986344, "_runtime": 6742.97789144516, "_step": 160}