{"adversaries all reward": 0.001276783316694917, "agents all reward": -7.822694846748922, "relative_reward": -7.821418063432227, "_timestamp": 1671434270.2300658, "_runtime": 1550.3985528945923, "_step": 13}