{"adversaries all reward": 3.005352926539472, "agents all reward": -9.475850670216348, "relative_reward": -6.470497743676876, "_timestamp": 1671431269.8969622, "_runtime": 61117.55497813225, "_step": 1341}