{"adversaries all reward": 0.0, "agents all reward": -17.309982479318606, "relative_reward": -17.309982479318606, "_timestamp": 1671367413.8347359, "_runtime": 19719.289984941483, "_step": 420}