{"relative_reward": 0.0, "agents all reward": 0.0, "adversaries all reward": 0.0, "a_loss agent leader": -2.5263938732160955, "a_loss agent follower": -0.7324882084921763, "c_loss agent leader": 0.00806787408350293, "c_loss agent follower": 0.07973422796581574, "entropy agent leader": 4.677815708850058, "entropy agent follower": 2.8514045567155555, "a_loss adversary leader": -2.6603519823820427, "a_loss adversary follower": -2.0264755307083595, "c_loss adversary leader": 0.017790537225949424, "c_loss adversary follower": 0.013093822732487253, "entropy adversary leader": 4.653019757761491, "entropy adversary follower": 2.5600887501222758, "_timestamp": 1654770770, "_runtime": 11047, "_step": 1805}