{"relative_reward": -2.91257917107905, "agents all reward": -2.9145690218447013, "adversaries all reward": 0.0019898507656513948, "a_loss agent leader": 3.1076457500457764, "a_loss agent follower": 0.0, "c_loss agent leader": 0.027578158769756556, "c_loss agent follower": 0.0, "entropy agent leader": 5.650701403617859, "entropy agent follower": 0.0, "a_loss adversary leader": 2.6333175897598267, "a_loss adversary follower": 2.2806337475776672, "c_loss adversary leader": 1.1032874882221222, "c_loss adversary follower": 11.73521375656128, "entropy adversary leader": 6.143582224845886, "entropy adversary follower": 5.675793647766113, "_timestamp": 1660984337, "_runtime": 173743, "_step": 2634}