{"adversaries all reward": 0.011292709669070748, "agents all reward": -1.5544524588044581, "relative_reward": -1.5431597491353874, "_timestamp": 1671263798.226998, "_runtime": 1764.1857130527496, "_step": 40}