{"adversaries all reward": 3.0, "agents all reward": -8.976675157000582, "relative_reward": -5.976675157000582, "_timestamp": 1671368866.6061049, "_runtime": 685.979630947113, "_step": 14}