{"adversaries all reward": 0.02202601179102082, "agents all reward": -7.135575692228378, "relative_reward": -7.113549680437357, "_timestamp": 1671191805.399728, "_runtime": 6742.8897931575775, "_step": 160}