{"adversaries all reward": 0.09680063790806408, "agents all reward": -2.60970272977225, "relative_reward": -2.512902091864186, "_timestamp": 1671206814.5636811, "_runtime": 5350.603030204773, "_step": 124}