{"adversaries all reward": 0.0, "agents all reward": -2.5555468359086477, "relative_reward": -2.5555468359086477, "_timestamp": 1671206814.5693057, "_runtime": 5350.778267621994, "_step": 124}