{"relative_reward": -6.7598217618240115, "agents all reward": -6.759862283406005, "adversaries all reward": 4.0521581993673056e-05, "a_loss agent leader": 2.7862799167633057, "a_loss agent follower": 0.0, "c_loss agent leader": 0.029764675069600344, "c_loss agent follower": 0.0, "entropy agent leader": 5.719866633415222, "entropy agent follower": 0.0, "a_loss adversary leader": 1.9850352108478546, "a_loss adversary follower": 2.120352268218994, "c_loss adversary leader": 0.2255220115184784, "c_loss adversary follower": 0.21239470690488815, "entropy adversary leader": 6.125572204589844, "entropy adversary follower": 5.6757471561431885, "_timestamp": 1674607281.717302, "_runtime": 40115.88704609871, "_step": 586}