{"adversaries all reward": 0.042813961692775855, "agents all reward": 0.0, "relative_reward": 0.042813961692775855, "_timestamp": 1672100556.6716368, "_runtime": 665684.8164947033, "_step": 6096}