{"adversaries all reward": 0.004544946398055561, "agents all reward": -6.603854381112437, "relative_reward": -6.599309434714382, "_timestamp": 1671263798.217414, "_runtime": 1764.9683289527893, "_step": 40}