{"adversaries all reward": 0.0022334237296970966, "agents all reward": -0.9413179962125958, "relative_reward": -0.9390845724828987, "_timestamp": 1671206814.5654342, "_runtime": 5350.276744127274, "_step": 124}