{"adversaries all reward": 0.001286359584165857, "agents all reward": -2.67873692570908, "relative_reward": -2.677450566124914, "_timestamp": 1671286412.2564986, "_runtime": 22208.273513555527, "_step": 517}