{"relative_reward": 24.732082033400317, "agents all reward": -2.2700580997100683, "adversaries all reward": 27.002140133110387, "a_loss agent leader": 3.024505078792572, "a_loss agent follower": 0.0, "c_loss agent leader": 0.0132385294418782, "c_loss agent follower": 0.0, "entropy agent leader": 5.856086492538452, "entropy agent follower": 0.0, "a_loss adversary leader": 2.849239408969879, "a_loss adversary follower": 0.0, "c_loss adversary leader": 0.5298393368721008, "c_loss adversary follower": 0.0, "entropy adversary leader": 6.32865571975708, "entropy adversary follower": 0.0, "_timestamp": 1671102763.003114, "_runtime": 438792.1433560848, "_step": 6115}