{"adversaries all reward": 0.00873554811149873, "agents all reward": -9.185499616635532, "relative_reward": -9.176764068524033, "_timestamp": 1671218524.4834416, "_runtime": 11468.736281633377, "_step": 274}