{"adversaries all reward": 7.586219781431064e-05, "agents all reward": -3.129623271053235, "relative_reward": -3.1295474088554207, "_timestamp": 1671434270.2427561, "_runtime": 1550.4898300170898, "_step": 13}