{"relative_reward": 41.24001154709292, "agents all reward": -0.8138498705109359, "adversaries all reward": 42.053861417603855, "a_loss agent leader": 2.682892620563507, "a_loss agent follower": 0.0, "c_loss agent leader": 0.011503631016239524, "c_loss agent follower": 0.0, "entropy agent leader": 6.068451642990112, "entropy agent follower": 0.0, "a_loss adversary leader": 2.7719324827194214, "a_loss adversary follower": 2.2862873673439026, "c_loss adversary leader": 1.4192488193511963, "c_loss adversary follower": 9.132832527160645, "entropy adversary leader": 6.222338438034058, "entropy adversary follower": 5.675754070281982, "_timestamp": 1675855251.34583, "_runtime": 100955.08092308044, "_step": 860}