{"adversaries all reward": 0.07465662333180986, "agents all reward": -12.61472804130087, "relative_reward": -12.54007141796906, "_timestamp": 1671184894.3834164, "_runtime": 281.6389775276184, "_step": 6}