{"relative_reward": 88.14214362690493, "agents all reward": -1.8807496243768604, "adversaries all reward": 90.02289325128179, "a_loss agent leader": 2.682892620563507, "a_loss agent follower": 0.0, "c_loss agent leader": 0.011503631016239524, "c_loss agent follower": 0.0, "entropy agent leader": 6.068451642990112, "entropy agent follower": 0.0, "a_loss adversary leader": 2.7719324827194214, "a_loss adversary follower": 2.2862873673439026, "c_loss adversary leader": 1.4192488193511963, "c_loss adversary follower": 9.132832527160645, "entropy adversary leader": 6.222338438034058, "entropy adversary follower": 5.675754070281982, "_timestamp": 1675855251.0114782, "_runtime": 100973.17777323723, "_step": 860}