{"adversaries all reward": 3.083884631668279, "agents all reward": -0.1, "relative_reward": 2.9838846316682788, "_timestamp": 1671297185.7101405, "_runtime": 10143.17884349823, "_step": 218}