{"adversaries all reward": 0.016420456927643795, "agents all reward": -10.487847963174731, "relative_reward": -10.471427506247087, "_timestamp": 1671191805.3926508, "_runtime": 6743.4143097400665, "_step": 160}