{"adversaries all reward": 0.12595642171001165, "agents all reward": 0.0, "relative_reward": 0.12595642171001165, "_timestamp": 1671369905.0959704, "_runtime": 315.5018982887268, "_step": 6}