{"adversaries all reward": 0.007708580930868835, "agents all reward": -0.17213501504787365, "relative_reward": -0.1644264341170048, "_timestamp": 1671286412.2552528, "_runtime": 22208.61808180809, "_step": 517}