{"adversaries all reward": 0.2011298144088182, "agents all reward": -7.1767943200771755, "relative_reward": -6.975664505668357, "_timestamp": 1671259219.1810398, "_runtime": 40464.995082855225, "_step": 979}