{"adversaries all reward": 0.15193915808528577, "agents all reward": 0.0, "relative_reward": 0.15193915808528577, "_timestamp": 1671347451.7785306, "_runtime": 50008.186287641525, "_step": 1080}