{"relative_reward": 14.146517945783803, "agents all reward": -0.8644813321069215, "adversaries all reward": 15.010999277890724, "a_loss agent leader": 2.970057725906372, "a_loss agent follower": 0.0, "c_loss agent leader": 0.00764102372340858, "c_loss agent follower": 0.0, "entropy agent leader": 5.750871539115906, "entropy agent follower": 0.0, "a_loss adversary leader": 2.134727030992508, "a_loss adversary follower": 2.712735891342163, "c_loss adversary leader": 0.09533567540347576, "c_loss adversary follower": 0.16455958783626556, "entropy adversary leader": 6.28803014755249, "entropy adversary follower": 5.675793647766113, "_timestamp": 1658476504, "_runtime": 566112, "_step": 8464}