{"adversaries all reward": 15.001777398741472, "agents all reward": -2.9993683103804214, "relative_reward": 12.002409088361052, "_timestamp": 1671184148.6886826, "_runtime": 1900.2227835655212, "_step": 46}