{"relative_reward": -29.538417981382004, "agents all reward": -29.565458550492664, "adversaries all reward": 0.027040569110664582, "a_loss agent leader": 3.0179859399795532, "a_loss agent follower": 0.0, "c_loss agent leader": 0.9431441426277161, "c_loss agent follower": 0.0, "entropy agent leader": 5.666049957275391, "entropy agent follower": 0.0, "a_loss adversary leader": 2.8529841899871826, "a_loss adversary follower": 3.1250497698783875, "c_loss adversary leader": 0.6548724323511124, "c_loss adversary follower": 0.4940428137779236, "entropy adversary leader": 5.965949177742004, "entropy adversary follower": 5.396660923957825, "_timestamp": 1667409470.079932, "_runtime": 597.1923999786377, "_step": 4}