{"relative_reward": 0.006886973677102981, "agents all reward": -0.006246965966903073, "adversaries all reward": 0.013133939644006054, "a_loss agent leader": 2.740016222000122, "a_loss agent follower": 0.0, "c_loss agent leader": 0.0024826402659527957, "c_loss agent follower": 0.0, "entropy agent leader": 5.853612065315247, "entropy agent follower": 0.0, "a_loss adversary leader": 2.5951902270317078, "a_loss adversary follower": 3.5237008929252625, "c_loss adversary leader": 0.1895735189318657, "c_loss adversary follower": 0.5860977619886398, "entropy adversary leader": 6.305678844451904, "entropy adversary follower": 5.675793647766113, "_timestamp": 1659864818, "_runtime": 172651, "_step": 2570}