{"a_loss_agent": 0.027311427053064108, "a_loss_adversary": 0.24202757328748703, "adversaries all reward": 0.01059556347419761, "agents all reward": -0.007295309739308908, "relative_reward": 0.0033002537348887024, "_timestamp": 1671263798.2105258, "_runtime": 1765.749942779541, "_step": 40}