{"adversaries all reward": 0.0004106477714320223, "agents all reward": -14.141595566267396, "relative_reward": -14.141184918495965, "_timestamp": 1671201274.4084039, "_runtime": 4588.835924863815, "_step": 109}