{"adversaries all reward": 0.0007049479279859364, "agents all reward": -15.664317911826055, "relative_reward": -15.66361296389807, "_timestamp": 1671184894.3751915, "_runtime": 282.1190664768219, "_step": 6}