{"adversaries all reward": 0.0008620242236429052, "agents all reward": -12.5702925627412, "relative_reward": -12.569430538517556, "_timestamp": 1671431993.4497316, "_runtime": 348.0358865261078, "_step": 2}