{"relative_reward": 3.605278641609947, "agents all reward": -0.4, "adversaries all reward": 4.005278641609947, "a_loss agent leader": 0, "a_loss agent follower": 0, "c_loss agent leader": 0, "c_loss agent follower": 0, "entropy agent leader": 0, "entropy agent follower": 0, "a_loss adversary leader": -1.138744328847269, "a_loss adversary follower": -1.431784906519708, "c_loss adversary leader": 2.740094064196944, "c_loss adversary follower": 1.0947081790552475, "entropy adversary leader": 4.539034347957429, "entropy adversary follower": 2.3775093800078686, "_timestamp": 1654839304, "_runtime": 47, "_step": 1}