{"adversaries all reward": 0.0006808620149365728, "agents all reward": -20.639694344325456, "relative_reward": -20.63901348231052, "_timestamp": 1671184894.386776, "_runtime": 282.1727600097656, "_step": 6}