{"adversaries all reward": 0.00016627184625981863, "agents all reward": -23.348579767965397, "relative_reward": -23.348413496119136, "_timestamp": 1671367413.8239613, "_runtime": 19719.22966337204, "_step": 420}