{"adversaries all reward": 12.0003852253141, "agents all reward": -6.592515116458752, "relative_reward": 5.407870108855348, "_timestamp": 1672100556.6648893, "_runtime": 665684.5388553143, "_step": 6096}