{"relative_reward": -1.117974385277711, "agents all reward": -1.1266366911862802, "adversaries all reward": 0.008662305908568984, "a_loss agent leader": 2.8117899894714355, "a_loss agent follower": 0.0, "c_loss agent leader": 0.014942580601200461, "c_loss agent follower": 0.0, "entropy agent leader": 5.824414849281311, "entropy agent follower": 0.0, "a_loss adversary leader": 2.5078009366989136, "a_loss adversary follower": 3.260279655456543, "c_loss adversary leader": 1.18398517370224, "c_loss adversary follower": 14.828585624694824, "entropy adversary leader": 6.285734534263611, "entropy adversary follower": 5.6757941246032715, "_timestamp": 1668170726.7488868, "_runtime": 265666.6930618286, "_step": 2289}