{"adversaries all reward": 0.0029615053241156854, "agents all reward": -3.116666737144233, "relative_reward": -3.1137052318201173, "_timestamp": 1671218524.4873292, "_runtime": 11469.833817243576, "_step": 274}