{"adversaries all reward": 0.0020106765598117225, "agents all reward": -16.1051960046741, "relative_reward": -16.103185328114286, "_timestamp": 1671367413.825181, "_runtime": 19719.815186977386, "_step": 420}