{"adversaries all reward": 6.014984024954229, "agents all reward": -4.8117451361728145, "relative_reward": 1.2032388887814145, "_timestamp": 1671259219.1918137, "_runtime": 40465.3955078125, "_step": 979}