{"adversaries all reward": 0.008418040858792865, "agents all reward": -2.0130145199630722, "relative_reward": -2.004596479104279, "_timestamp": 1671184148.6825132, "_runtime": 1899.4920372962952, "_step": 46}