{"adversaries all reward": 3.0011903137857656, "agents all reward": -2.3984906774602366, "relative_reward": 0.602699636325529, "_timestamp": 1671206814.5707383, "_runtime": 5349.561482429504, "_step": 124}