{"relative_reward": 11.616855097748779, "agents all reward": -0.3925300228448316, "adversaries all reward": 12.00938512059361, "a_loss agent leader": 2.9471832513809204, "a_loss agent follower": 0.0, "c_loss agent leader": 0.008810971630737185, "c_loss agent follower": 0.0, "entropy agent leader": 5.874363899230957, "entropy agent follower": 0.0, "a_loss adversary leader": 2.7299535870552063, "a_loss adversary follower": 0.0, "c_loss adversary leader": 0.5368386805057526, "c_loss adversary follower": 0.0, "entropy adversary leader": 6.3684855699539185, "entropy adversary follower": 0.0, "_timestamp": 1667904508.9185827, "_runtime": 455268.95698070526, "_step": 3771}