{"relative_reward": 0.035608524444752106, "agents all reward": -0.0002534083913358076, "adversaries all reward": 0.03586193283608791, "a_loss agent leader": 3.029297947883606, "a_loss agent follower": 0.0, "c_loss agent leader": 0.0028985548415221274, "c_loss agent follower": 0.0, "entropy agent leader": 6.032656192779541, "entropy agent follower": 0.0, "a_loss adversary leader": 3.027247130870819, "a_loss adversary follower": 2.3114007711410522, "c_loss adversary leader": 0.8103225827217102, "c_loss adversary follower": 6.970868825912476, "entropy adversary leader": 6.269388675689697, "entropy adversary follower": 5.675754070281982, "_timestamp": 1676354969.3428345, "_runtime": 600641.1673424244, "_step": 5129}