{"adversaries all reward": 0.02036029207880798, "agents all reward": -4.804303420399404, "relative_reward": -4.783943128320596, "_timestamp": 1671201274.4001572, "_runtime": 4588.541351318359, "_step": 109}