{"reward": -0.07485075704859542, "relative_reward": {"adversary_0": 0.0, "adversary_1": 0.0, "agent_0": -1.3179425194135814}, "agents all reward": -1.3179425194135814, "adversaries all reward": 0.0, "a_loss agent leader": -2.902971496296676, "a_loss agent follower": 2.224535261871617, "c_loss agent leader": 1.8922102550041617, "c_loss agent follower": 3.3705386191444533, "a_loss adversary leader": -0.391285265398034, "a_loss adversary follower": 0.7562221431378682, "c_loss adversary leader": 5.005413976266244, "c_loss adversary follower": 2.7649739025969873, "_timestamp": 1654537863, "_runtime": 92, "_step": 8}