{"adversaries all reward": 6.013085413466982, "agents all reward": -1.6484194189330168, "relative_reward": 4.364665994533965, "_timestamp": 1671184148.6810906, "_runtime": 1900.6631665229797, "_step": 46}