{"adversaries all reward": 0.20616365565990658, "agents all reward": -1.3117716091740912, "relative_reward": -1.1056079535141845, "_timestamp": 1671368866.5896127, "_runtime": 686.4563856124878, "_step": 14}