{"relative_reward": 29.43978586265455, "agents all reward": -0.6192459761737765, "adversaries all reward": 30.059031838828325, "a_loss agent leader": 2.8117899894714355, "a_loss agent follower": 0.0, "c_loss agent leader": 0.014942580601200461, "c_loss agent follower": 0.0, "entropy agent leader": 5.824414849281311, "entropy agent follower": 0.0, "a_loss adversary leader": 2.5078009366989136, "a_loss adversary follower": 3.260279655456543, "c_loss adversary leader": 1.18398517370224, "c_loss adversary follower": 14.828585624694824, "entropy adversary leader": 6.285734534263611, "entropy adversary follower": 5.6757941246032715, "_timestamp": 1668170726.7038794, "_runtime": 265727.36657238007, "_step": 2289}