{"a_loss_agent": 0.00638130190782249, "a_loss_adversary": 0.9514624923467636, "adversaries all reward": 0.009956854949810193, "agents all reward": -0.3092698829164004, "relative_reward": -0.2993130279665902, "_timestamp": 1671347451.794218, "_runtime": 50005.20436501503, "_step": 1080}