{"relative_reward": 2.449972577729552, "agents all reward": -0.5567818068763815, "adversaries all reward": 3.0067543846059333, "a_loss agent leader": 2.8695037961006165, "a_loss agent follower": 0.0, "c_loss agent leader": 0.004799964255653322, "c_loss agent follower": 0.0, "entropy agent leader": 5.72572135925293, "entropy agent follower": 0.0, "a_loss adversary leader": 2.8560418486595154, "a_loss adversary follower": 2.48212593793869, "c_loss adversary leader": 0.2888379320502281, "c_loss adversary follower": 14.078986644744873, "entropy adversary leader": 6.214045763015747, "entropy adversary follower": 5.675753593444824, "_timestamp": 1674566564.2188444, "_runtime": 106524.2421374321, "_step": 1571}