{"relative_reward": 25.864377667393832, "agents all reward": -1.1392412731423267, "adversaries all reward": 27.003618940536157, "a_loss agent leader": 2.9150659441947937, "a_loss agent follower": 0.0, "c_loss agent leader": 0.014512780820950866, "c_loss agent follower": 0.0, "entropy agent leader": 5.17954957485199, "entropy agent follower": 0.0, "a_loss adversary leader": 2.62021267414093, "a_loss adversary follower": 2.61762934923172, "c_loss adversary leader": 0.8845007568597794, "c_loss adversary follower": 0.7768028974533081, "entropy adversary leader": 6.283936977386475, "entropy adversary follower": 5.675750136375427, "_timestamp": 1674737899.769325, "_runtime": 27498.05086708069, "_step": 401}