{"relative_reward": 25.06801966899774, "agents all reward": -1.9336530607604867, "adversaries all reward": 27.001672729758226, "a_loss agent leader": 2.8745057582855225, "a_loss agent follower": 0.0, "c_loss agent leader": 0.022104549687355757, "c_loss agent follower": 0.0, "entropy agent leader": 5.176649332046509, "entropy agent follower": 0.0, "a_loss adversary leader": 2.929134249687195, "a_loss adversary follower": 2.573766529560089, "c_loss adversary leader": 1.3299217522144318, "c_loss adversary follower": 1.2397268414497375, "entropy adversary leader": 5.891442537307739, "entropy adversary follower": 5.6757529973983765, "_timestamp": 1676801341.2295809, "_runtime": 445837.42516088486, "_step": 6655}