{"adversaries all reward": 24.02619488467308, "agents all reward": -0.9530021793650177, "relative_reward": 23.073192705308063, "_timestamp": 1671259219.193022, "_runtime": 40464.873018980026, "_step": 979}