{"adversaries all reward": 78.24099726696377, "agents all reward": -1.3, "relative_reward": 76.94099726696378, "_timestamp": 1672100556.6614492, "_runtime": 665684.731262207, "_step": 6096}