{"relative_reward": 0.24850779911309973, "agents all reward": -2.791624663488982, "adversaries all reward": 3.040132462602082, "a_loss agent leader": 2.7862799167633057, "a_loss agent follower": 0.0, "c_loss agent leader": 0.029764675069600344, "c_loss agent follower": 0.0, "entropy agent leader": 5.719866633415222, "entropy agent follower": 0.0, "a_loss adversary leader": 1.9850352108478546, "a_loss adversary follower": 2.120352268218994, "c_loss adversary leader": 0.2255220115184784, "c_loss adversary follower": 0.21239470690488815, "entropy adversary leader": 6.125572204589844, "entropy adversary follower": 5.6757471561431885, "_timestamp": 1674607282.1138928, "_runtime": 40083.93019890785, "_step": 586}