{"relative_reward": -0.8412304963970042, "agents all reward": -1.2412304963970042, "adversaries all reward": 0.4, "a_loss agent leader": -1.717968570641201, "a_loss agent follower": 2.349700763057761, "c_loss agent leader": 0.7422948200245388, "c_loss agent follower": 0.6502836693966189, "a_loss adversary leader": -1.6923315271105013, "a_loss adversary follower": 0.06517238901419042, "c_loss adversary leader": 1.823874937930884, "c_loss adversary follower": 1.6841670065990273, "_timestamp": 1654568922, "_runtime": 17, "_step": 2}