{"adversaries all reward": 3.0004094328959745, "agents all reward": -7.014706968636213, "relative_reward": -4.014297535740239, "_timestamp": 1671195389.156811, "_runtime": 3340.9539959430695, "_step": 79}