{"adversaries all reward": 0.0, "agents all reward": -8.163283003479467, "relative_reward": -8.163283003479467, "_timestamp": 1671368866.5993538, "_runtime": 685.9482028484344, "_step": 14}