{"adversaries all reward": 0.0, "agents all reward": -13.18692575965467, "relative_reward": -13.18692575965467, "_timestamp": 1671368866.594294, "_runtime": 686.0598220825195, "_step": 14}