{"adversaries all reward": 3.0129361653582984, "agents all reward": -1.564605543097113, "relative_reward": 1.4483306222611854, "_timestamp": 1671347451.7864642, "_runtime": 50003.8996591568, "_step": 1080}