{"adversaries all reward": 12.0, "agents all reward": -3.745554400226482, "relative_reward": 8.254445599773518, "_timestamp": 1671434270.232926, "_runtime": 1549.5501379966736, "_step": 13}