{"adversaries all reward": 0.2803659697093811, "agents all reward": -6.725054903058885, "relative_reward": -6.444688933349504, "_timestamp": 1671191805.3895524, "_runtime": 6743.083398342133, "_step": 160}