{"adversaries all reward": 3.4139069232900763, "agents all reward": -0.10433870267005353, "relative_reward": 3.3095682206200228, "_timestamp": 1671369905.097719, "_runtime": 313.8310148715973, "_step": 6}