{"adversaries all reward": 12.007188538053406, "agents all reward": -5.766641209921145, "relative_reward": 6.24054732813226, "_timestamp": 1671431269.880956, "_runtime": 61117.71823787689, "_step": 1341}