{"adversaries all reward": 0.001638431574917921, "agents all reward": -1.3418070649947278, "relative_reward": -1.34016863341981, "_timestamp": 1671347451.7953556, "_runtime": 50008.229887485504, "_step": 1080}