{"relative_reward": 11.383552132167964, "agents all reward": -0.6200436100977307, "adversaries all reward": 12.003595742265695, "a_loss agent leader": 2.8180962800979614, "a_loss agent follower": 0.0, "c_loss agent leader": 0.00872059166431427, "c_loss agent follower": 0.0, "entropy agent leader": 5.948335528373718, "entropy agent follower": 0.0, "a_loss adversary leader": 2.575687885284424, "a_loss adversary follower": 3.181628108024597, "c_loss adversary leader": 0.34985268861055374, "c_loss adversary follower": 0.16981333121657372, "entropy adversary leader": 6.383623719215393, "entropy adversary follower": 5.675709843635559, "_timestamp": 1660495574, "_runtime": 20958, "_step": 313}