{"adversaries all reward": 0.0029984554607411576, "agents all reward": -11.082084060641291, "relative_reward": -11.07908560518055, "_timestamp": 1671191805.395844, "_runtime": 6743.216409921646, "_step": 160}