{"adversaries all reward": 0.0009106057558585901, "agents all reward": -7.075423269284455, "relative_reward": -7.074512663528596, "_timestamp": 1671263798.2210498, "_runtime": 1765.199747800827, "_step": 40}