{"adversaries all reward": 0.11574829467305696, "agents all reward": -7.116983992553514, "relative_reward": -7.001235697880458, "_timestamp": 1671184148.6871042, "_runtime": 1900.2874631881714, "_step": 46}