{"relative_reward": -1.4098416957159698, "agents all reward": -1.410487454880654, "adversaries all reward": 0.0006457591646843267, "a_loss agent leader": -2.3144051902796337, "a_loss agent follower": -1.6162901684589683, "c_loss agent leader": 0.3695781061173913, "c_loss agent follower": 0.3768388365605576, "entropy agent leader": 4.579962202430582, "entropy agent follower": 2.2235282684561475, "a_loss adversary leader": -1.206106902056399, "a_loss adversary follower": -0.9367155024153324, "c_loss adversary leader": 4.0233213396252285, "c_loss adversary follower": 1.8329722271859836, "entropy adversary leader": 4.7099985111584015, "entropy adversary follower": 2.5424208515238913, "_timestamp": 1654619246, "_runtime": 53, "_step": 4}