{"adversaries all reward": 0.00032083701537429063, "agents all reward": -22.01369171949244, "relative_reward": -22.013370882477066, "_timestamp": 1671368866.5984552, "_runtime": 685.7672290802002, "_step": 14}