{"adversaries all reward": 21.059121209531387, "agents all reward": -0.7, "relative_reward": 20.359121209531388, "_timestamp": 1671347451.7925386, "_runtime": 50007.75238275528, "_step": 1080}