{"adversaries all reward": 0.0020416946108668004, "agents all reward": -11.361433306431815, "relative_reward": -11.359391611820948, "_timestamp": 1671367413.8288736, "_runtime": 19720.13298869133, "_step": 420}