{"adversaries all reward": 0.0, "agents all reward": -16.61001419489149, "relative_reward": -16.61001419489149, "_timestamp": 1671184894.385505, "_runtime": 282.36644196510315, "_step": 6}