{"relative_reward": -2.176265916384113, "agents all reward": -2.176265916384113, "adversaries all reward": 0.0, "a_loss agent leader": -1.9305322655775174, "a_loss agent follower": 1.572954837223558, "c_loss agent leader": 0.2003004378693641, "c_loss agent follower": 0.5538915838595362, "a_loss adversary leader": -1.575443740538012, "a_loss adversary follower": 1.394344783224804, "c_loss adversary leader": 1.22997211296125, "c_loss adversary follower": 0.20074727827152186, "_timestamp": 1654570628, "_runtime": 671, "_step": 66}