{"adversaries all reward": 0.0024457868523473964, "agents all reward": -2.615845812596379, "relative_reward": -2.6134000257440313, "_timestamp": 1671263798.2123766, "_runtime": 1764.5831475257874, "_step": 40}