{"adversaries all reward": 0.0, "agents all reward": -19.16413256009854, "relative_reward": -19.16413256009854, "_timestamp": 1671434270.2342587, "_runtime": 1549.6303715705872, "_step": 13}