{"adversaries all reward": 0.0014575763552788995, "agents all reward": -3.522043696711969, "relative_reward": -3.52058612035669, "_timestamp": 1671191805.402175, "_runtime": 6742.701565027237, "_step": 160}