{"adversaries all reward": 0.0, "agents all reward": -20.555307842163227, "relative_reward": -20.555307842163227, "_timestamp": 1671431993.4508493, "_runtime": 347.7802653312683, "_step": 2}