{"relative_reward": 87.56647935533398, "agents all reward": -5.433870011884921, "adversaries all reward": 93.0003493672189, "a_loss agent leader": 0.0, "a_loss agent follower": 0.0, "c_loss agent leader": 0.0, "c_loss agent follower": 0.0, "entropy agent leader": 0.0, "entropy agent follower": 0.0, "a_loss adversary leader": 2.967547833919525, "a_loss adversary follower": 2.404475510120392, "c_loss adversary leader": 2.3396928906440735, "c_loss adversary follower": 6.175407767295837, "entropy adversary leader": 5.882413983345032, "entropy adversary follower": 5.675793647766113, "_timestamp": 1658660858, "_runtime": 184113, "_step": 2787}