{"relative_reward": -0.6866578969530166, "agents all reward": -0.6926068408300052, "adversaries all reward": 0.005948943876988648, "a_loss agent leader": 2.755935311317444, "a_loss agent follower": 0.0, "c_loss agent leader": 0.017610423732548952, "c_loss agent follower": 0.0, "entropy agent leader": 5.745042562484741, "entropy agent follower": 0.0, "a_loss adversary leader": 2.864696443080902, "a_loss adversary follower": 2.9461275935173035, "c_loss adversary leader": 1.28951895236969, "c_loss adversary follower": 0.5525008141994476, "entropy adversary leader": 5.98563289642334, "entropy adversary follower": 5.675753593444824, "_timestamp": 1674806375.9630094, "_runtime": 67905.13981127739, "_step": 998}