{"adversaries all reward": 0.002211227566201424, "agents all reward": -1.1618911617349523, "relative_reward": -1.159679934168751, "_timestamp": 1671259219.179386, "_runtime": 40465.03290295601, "_step": 979}