{"adversaries all reward": 0.2102543576171179, "agents all reward": -1.2188382869160685, "relative_reward": -1.0085839292989507, "_timestamp": 1671347451.7912476, "_runtime": 50003.52770256996, "_step": 1080}