{"adversaries all reward": 0.002655768736789069, "agents all reward": -19.30822622351134, "relative_reward": -19.30557045477455, "_timestamp": 1671367413.8314261, "_runtime": 19719.55117702484, "_step": 420}