{"adversaries all reward": 0.0019042911640134847, "agents all reward": -9.590777154132951, "relative_reward": -9.588872862968937, "_timestamp": 1671201274.409433, "_runtime": 4589.2449769973755, "_step": 109}