{"adversaries all reward": 9.029485581204716, "agents all reward": -0.30000000000000004, "relative_reward": 8.729485581204715, "_timestamp": 1671286412.2579653, "_runtime": 22208.362879276276, "_step": 517}