{"adversaries all reward": 3.006089678213488, "agents all reward": -7.781714616958259, "relative_reward": -4.775624938744771, "_timestamp": 1671184148.6723988, "_runtime": 1899.4502007961273, "_step": 46}