{"adversaries all reward": 3.004404110778372, "agents all reward": -2.3529850168824127, "relative_reward": 0.6514190938959592, "_timestamp": 1671286412.2475, "_runtime": 22208.8463408947, "_step": 517}