{"adversaries all reward": 0.023602864392939002, "agents all reward": -5.655718058116195, "relative_reward": -5.632115193723256, "_timestamp": 1671369905.0990436, "_runtime": 314.9592516422272, "_step": 6}