{"relative_reward": 14.451988444287892, "agents all reward": -0.5572704543899275, "adversaries all reward": 15.00925889867782, "a_loss agent leader": 2.972703754901886, "a_loss agent follower": 0.0, "c_loss agent leader": 0.02227853238582611, "c_loss agent follower": 0.0, "entropy agent leader": 5.10011887550354, "entropy agent follower": 0.0, "a_loss adversary leader": 2.518063962459564, "a_loss adversary follower": 2.0216671228408813, "c_loss adversary leader": 0.9986040145158768, "c_loss adversary follower": 0.7698692083358765, "entropy adversary leader": 5.8109554052352905, "entropy adversary follower": 5.675783395767212, "_timestamp": 1659691823, "_runtime": 193847, "_step": 2914}