{"relative_reward": 4.033297956515506, "agents all reward": -1.9721873239504466, "adversaries all reward": 6.005485280465953, "a_loss agent leader": 2.947867512702942, "a_loss agent follower": 0.0, "c_loss agent leader": 0.010281292721629143, "c_loss agent follower": 0.0, "entropy agent leader": 5.742554426193237, "entropy agent follower": 0.0, "a_loss adversary leader": 2.4687604904174805, "a_loss adversary follower": 0.0, "c_loss adversary leader": 0.2832549661397934, "c_loss adversary follower": 0.0, "entropy adversary leader": 6.371350049972534, "entropy adversary follower": 0.0, "_timestamp": 1670752212.483268, "_runtime": 88195.09326791763, "_step": 1253}