{"a_loss_agent": 0.011485068360343575, "a_loss_adversary": 0.17043285444378853, "adversaries all reward": 0.0204367371375349, "agents all reward": 0.0, "relative_reward": 0.0204367371375349, "_timestamp": 1671297185.7117984, "_runtime": 10144.414290428162, "_step": 218}