{"adversaries all reward": 6.0052729975571495, "agents all reward": -15.895461351656676, "relative_reward": -9.890188354099527, "_timestamp": 1671368866.5885227, "_runtime": 684.9317126274109, "_step": 14}