{"adversaries all reward": 0.0057276534405746714, "agents all reward": -9.396512442695242, "relative_reward": -9.390784789254667, "_timestamp": 1671369905.1031957, "_runtime": 314.15438175201416, "_step": 6}