{"adversaries all reward": 0.003296399710181703, "agents all reward": -2.111692264854148, "relative_reward": -2.1083958651439665, "_timestamp": 1671201274.397806, "_runtime": 4589.350643873215, "_step": 109}