{"adversaries all reward": 0.007616266186795171, "agents all reward": -0.20857957119737627, "relative_reward": -0.2009633050105811, "_timestamp": 1671297185.7199574, "_runtime": 10143.289248466492, "_step": 218}