{"adversaries all reward": 0.018474878236831995, "agents all reward": -0.2710667978464797, "relative_reward": -0.2525919196096477, "_timestamp": 1671347451.7881052, "_runtime": 50006.09638118744, "_step": 1080}