{"relative_reward": 25.691717066221905, "agents all reward": -1.3145648905669474, "adversaries all reward": 27.006281956788854, "a_loss agent leader": 2.8745057582855225, "a_loss agent follower": 0.0, "c_loss agent leader": 0.022104549687355757, "c_loss agent follower": 0.0, "entropy agent leader": 5.176649332046509, "entropy agent follower": 0.0, "a_loss adversary leader": 2.929134249687195, "a_loss adversary follower": 2.573766529560089, "c_loss adversary leader": 1.3299217522144318, "c_loss adversary follower": 1.2397268414497375, "entropy adversary leader": 5.891442537307739, "entropy adversary follower": 5.6757529973983765, "_timestamp": 1676801341.1884518, "_runtime": 445806.2731397152, "_step": 6655}