{"adversaries all reward": 0.19454393534455955, "agents all reward": -0.5289885222312354, "relative_reward": -0.33444458688667583, "_timestamp": 1671369905.1060836, "_runtime": 314.6126525402069, "_step": 6}