{"a_loss_agent": 0.00802541570737958, "a_loss_adversary": 0.6570335328578949, "adversaries all reward": 0.0776129529269689, "agents all reward": -0.3741724425983548, "relative_reward": -0.2965594896713859, "_timestamp": 1671286412.2493968, "_runtime": 22209.529119729996, "_step": 517}