{"relative_reward": 25.863442095811052, "agents all reward": -1.168030058111789, "adversaries all reward": 27.03147215392284, "a_loss agent leader": 2.755935311317444, "a_loss agent follower": 0.0, "c_loss agent leader": 0.017610423732548952, "c_loss agent follower": 0.0, "entropy agent leader": 5.745042562484741, "entropy agent follower": 0.0, "a_loss adversary leader": 2.864696443080902, "a_loss adversary follower": 2.9461275935173035, "c_loss adversary leader": 1.28951895236969, "c_loss adversary follower": 0.5525008141994476, "entropy adversary leader": 5.98563289642334, "entropy adversary follower": 5.675753593444824, "_timestamp": 1674806375.9901776, "_runtime": 67853.78291964531, "_step": 998}