{"adversaries all reward": 9.088451871163196, "agents all reward": -0.6577050502349381, "relative_reward": 8.430746820928258, "_timestamp": 1671195389.1641083, "_runtime": 3339.1916081905365, "_step": 79}