{"a_loss_agent": 0.04214160796254873, "a_loss_adversary": 0.05126187950372696, "adversaries all reward": 0.0003851440222210898, "agents all reward": -13.789229861958445, "relative_reward": -13.788844717936223, "_timestamp": 1671184894.3846722, "_runtime": 282.5374562740326, "_step": 6}