{"adversaries all reward": 0.0006708950069971291, "agents all reward": -16.73638849292835, "relative_reward": -16.73571759792135, "_timestamp": 1671367413.8332624, "_runtime": 19719.08296251297, "_step": 420}