{"relative_reward": 82.94246214237717, "agents all reward": -2.074246690708675, "adversaries all reward": 85.01670883308584, "a_loss agent leader": 2.845004379749298, "a_loss agent follower": 0.0, "c_loss agent leader": 0.024142428301274776, "c_loss agent follower": 0.0, "entropy agent leader": 6.169801354408264, "entropy agent follower": 0.0, "a_loss adversary leader": 2.9907188415527344, "a_loss adversary follower": 0.0, "c_loss adversary leader": 2.692920207977295, "c_loss adversary follower": 0.0, "entropy adversary leader": 6.297656774520874, "entropy adversary follower": 0.0, "_timestamp": 1667448400.180833, "_runtime": 37812.86681008339, "_step": 316}