{"relative_reward": -0.31295240150463044, "agents all reward": -0.3237067073039154, "adversaries all reward": 0.010754305799284934, "a_loss agent leader": 2.8542760610580444, "a_loss agent follower": 0.0, "c_loss agent leader": 0.0033700017374940217, "c_loss agent follower": 0.0, "entropy agent leader": 6.031277060508728, "entropy agent follower": 0.0, "a_loss adversary leader": 2.1765938997268677, "a_loss adversary follower": 3.3282886743545532, "c_loss adversary leader": 0.4257899075746536, "c_loss adversary follower": 0.18117345124483109, "entropy adversary leader": 6.178110837936401, "entropy adversary follower": 5.673909544944763, "_timestamp": 1674993982.4198534, "_runtime": 124075.83822441101, "_step": 1824}