{"adversaries all reward": 3.0005041309916693, "agents all reward": -4.604307400165753, "relative_reward": -1.603803269174084, "_timestamp": 1671431269.8913782, "_runtime": 61116.51757025719, "_step": 1341}