{"relative_reward": -0.03898759256730091, "agents all reward": -0.04676646571551378, "adversaries all reward": 0.007778873148212871, "a_loss agent leader": 3.067011058330536, "a_loss agent follower": 0.0, "c_loss agent leader": 0.0011647055216599256, "c_loss agent follower": 0.0, "entropy agent leader": 5.652089238166809, "entropy agent follower": 0.0, "a_loss adversary leader": 2.6822322010993958, "a_loss adversary follower": 2.9020267128944397, "c_loss adversary leader": 0.027930183336138725, "c_loss adversary follower": 0.013122162315994501, "entropy adversary leader": 5.958555579185486, "entropy adversary follower": 5.675793290138245, "_timestamp": 1662024015, "_runtime": 346172, "_step": 5200}