{"adversaries all reward": 12.00059958715983, "agents all reward": -4.720050752804792, "relative_reward": 7.280548834355037, "_timestamp": 1671206814.5624208, "_runtime": 5350.842624902725, "_step": 124}