{"relative_reward": -0.9121206040302453, "agents all reward": -0.916441229564031, "adversaries all reward": 0.0043206255337856865, "a_loss agent leader": 2.902044892311096, "a_loss agent follower": 0.0, "c_loss agent leader": 0.017827362287789583, "c_loss agent follower": 0.0, "entropy agent leader": 5.709766626358032, "entropy agent follower": 0.0, "a_loss adversary leader": 2.775134563446045, "a_loss adversary follower": 1.9329774379730225, "c_loss adversary leader": 1.3614476025104523, "c_loss adversary follower": 1.3211456537246704, "entropy adversary leader": 5.771276593208313, "entropy adversary follower": 5.675753593444824, "_timestamp": 1675752496.4888468, "_runtime": 402569.4908258915, "_step": 5933}