{"adversaries all reward": 0.00027828646205333964, "agents all reward": -9.073298459126166, "relative_reward": -9.073020172664112, "_timestamp": 1671184894.3764548, "_runtime": 281.7725067138672, "_step": 6}