{"adversaries all reward": 0.0, "agents all reward": -16.3767159351109, "relative_reward": -16.3767159351109, "_timestamp": 1671218524.4743335, "_runtime": 11468.625678539276, "_step": 274}