{"adversaries all reward": 0.039011437732146846, "agents all reward": -9.128289618308925, "relative_reward": -9.089278180576779, "_timestamp": 1671431993.4566193, "_runtime": 348.40138816833496, "_step": 2}