{"adversaries all reward": 0.1283052920011366, "agents all reward": 0.0, "relative_reward": 0.1283052920011366, "_timestamp": 1671297185.7262704, "_runtime": 10143.648674488068, "_step": 218}