{"relative_reward": -0.6841038566850373, "agents all reward": -0.6841038566850373, "adversaries all reward": 0.0, "a_loss agent leader": -2.21720230046387, "a_loss agent follower": -2.691136006567005, "c_loss agent leader": 2.3431112923059643, "c_loss agent follower": 1.5241522209127976, "a_loss adversary leader": -3.4106970832053736, "a_loss adversary follower": 2.319551944171935, "c_loss adversary leader": 1.6493948460193135, "c_loss adversary follower": 0.3000892322856947, "_timestamp": 1654538551, "_runtime": 544, "_step": 55}