{"relative_reward": -2.817064845649196, "agents all reward": -2.817064845649196, "adversaries all reward": 0.0, "a_loss agent leader": -3.3148095784192835, "a_loss agent follower": 1.6792771852814494, "c_loss agent leader": 0.599002954418665, "c_loss agent follower": 1.5615041178025035, "a_loss adversary leader": -1.1617951028653573, "a_loss adversary follower": 2.7378618747887313, "c_loss adversary leader": 5.325838455044483, "c_loss adversary follower": 2.341149725253263, "_timestamp": 1654568151, "_runtime": 30144, "_step": 3138}