{"adversaries all reward": 24.00637888463616, "agents all reward": -4.373788045874761, "relative_reward": 19.6325908387614, "_timestamp": 1671434270.249032, "_runtime": 1550.8515059947968, "_step": 13}