{"adversaries all reward": 3.029119984052754, "agents all reward": -0.40088020733783436, "relative_reward": 2.6282397767149197, "_timestamp": 1671263798.2085218, "_runtime": 1764.4328408241272, "_step": 40}