{"adversaries all reward": 0.0009477241667538842, "agents all reward": -7.685619005143824, "relative_reward": -7.68467128097707, "_timestamp": 1671184894.3880937, "_runtime": 281.9394357204437, "_step": 6}