{"a_loss_agent": 0.0207422012463212, "a_loss_adversary": 0.012382404645904899, "adversaries all reward": 0.0006310398702865838, "agents all reward": -3.5363414249577496, "relative_reward": -3.535710385087463, "_timestamp": 1671201274.4068441, "_runtime": 4588.90943312645, "_step": 109}