{"adversaries all reward": 6.007692809265219, "agents all reward": -4.471713123556878, "relative_reward": 1.535979685708341, "_timestamp": 1671195389.1556737, "_runtime": 3340.103647708893, "_step": 79}