{"relative_reward": 33.86257101165256, "agents all reward": -2.138457714208475, "adversaries all reward": 36.00102872586104, "a_loss agent leader": 3.075677454471588, "a_loss agent follower": 0.0, "c_loss agent leader": 0.022804456762969494, "c_loss agent follower": 0.0, "entropy agent leader": 5.323962688446045, "entropy agent follower": 0.0, "a_loss adversary leader": 2.958508789539337, "a_loss adversary follower": 0.0, "c_loss adversary leader": 1.0258664935827255, "c_loss adversary follower": 0.0, "entropy adversary leader": 6.118643045425415, "entropy adversary follower": 0.0, "_timestamp": 1655533468, "_runtime": 329741, "_step": 5014}