{"adversaries all reward": 21.001255501471036, "agents all reward": -11.652987944543995, "relative_reward": 9.348267556927041, "_timestamp": 1671368866.5960138, "_runtime": 685.6969017982483, "_step": 14}