{"relative_reward": 0.9056334949155139, "agents all reward": -0.1, "adversaries all reward": 1.005633494915514, "a_loss agent leader": 0, "a_loss agent follower": 0, "c_loss agent leader": 0, "c_loss agent follower": 0, "entropy agent leader": 0, "entropy agent follower": 0, "a_loss adversary leader": -0.6791225541353473, "a_loss adversary follower": -1.3530483067140873, "c_loss adversary leader": 3.6440024593843328, "c_loss adversary follower": 1.2521207385011834, "entropy adversary leader": 4.75181401188882, "entropy adversary follower": 2.2132156184025993, "_timestamp": 1654794127, "_runtime": 38, "_step": 1}