{"relative_reward": -1.955024505998264, "agents all reward": -1.955835249685099, "adversaries all reward": 0.0008107436868349744, "a_loss agent leader": 737.0282578179919, "a_loss agent follower": 186.7687204688858, "c_loss agent leader": 1480.1592779049226, "c_loss agent follower": 378.23613753017867, "entropy agent leader": 3.8729381861424157, "entropy agent follower": 1.8283725928875707, "a_loss adversary leader": 13.959199476344997, "a_loss adversary follower": 2.346824759710498, "c_loss adversary leader": 32.49539797828707, "c_loss adversary follower": 12.571992869322202, "entropy adversary leader": 4.802700919439463, "entropy adversary follower": 2.434801989717206, "_timestamp": 1654657225, "_runtime": 21, "_step": 0}