{"adversaries all reward": 0.030038380108523395, "agents all reward": 0.0, "relative_reward": 0.030038380108523395, "_timestamp": 1671297185.7249043, "_runtime": 10144.163133382797, "_step": 218}