{"adversaries all reward": 30.132138374252442, "agents all reward": -0.9999999999999999, "relative_reward": 29.132138374252442, "_timestamp": 1671297185.7182362, "_runtime": 10143.200651168823, "_step": 218}