{"relative_reward": 8.176701433373495, "agents all reward": -0.824567191761639, "adversaries all reward": 9.001268625135134, "a_loss agent leader": 3.108448088169098, "a_loss agent follower": 0.0, "c_loss agent leader": 0.007471722783520818, "c_loss agent follower": 0.0, "entropy agent leader": 5.428061485290527, "entropy agent follower": 0.0, "a_loss adversary leader": 2.6593856811523438, "a_loss adversary follower": 2.308012068271637, "c_loss adversary leader": 0.3659641221165657, "c_loss adversary follower": 0.33369750529527664, "entropy adversary leader": 6.030991911888123, "entropy adversary follower": 5.675766468048096, "_timestamp": 1660474291, "_runtime": 77366, "_step": 1163}