{"adversaries all reward": 9.019145061029604, "agents all reward": -0.30000000000000004, "relative_reward": 8.719145061029604, "_timestamp": 1671297185.7130172, "_runtime": 10144.356585264206, "_step": 218}