{"adversaries all reward": 51.00013845781957, "agents all reward": -3.438983194992453, "relative_reward": 47.561155262827114, "_timestamp": 1671297185.7067654, "_runtime": 10144.683943510056, "_step": 218}