{"a_loss_agent": 0.054738580249249935, "a_loss_adversary": 0.006218667491339147, "adversaries all reward": 0.0, "agents all reward": -7.157601598621535, "relative_reward": -7.157601598621535, "_timestamp": 1671367413.830406, "_runtime": 19719.882385969162, "_step": 420}