{"adversaries all reward": 9.044979389320586, "agents all reward": -0.33697998824036385, "relative_reward": 8.707999401080222, "_timestamp": 1671286412.2615452, "_runtime": 22208.75890827179, "_step": 517}