{"adversaries all reward": 7.657051840386287e-05, "agents all reward": -3.2953737898000375, "relative_reward": -3.2952972192816334, "_timestamp": 1671195389.1688318, "_runtime": 3340.47815489769, "_step": 79}