{"adversaries all reward": 0.0002939051892085463, "agents all reward": -1.7990773374170714, "relative_reward": -1.7987834322278629, "_timestamp": 1671347451.7832427, "_runtime": 50007.91403865814, "_step": 1080}