{"adversaries all reward": 0.0004823159928144542, "agents all reward": -4.9833173998199545, "relative_reward": -4.98283508382714, "_timestamp": 1671434270.2515805, "_runtime": 1551.0125033855438, "_step": 13}