{"adversaries all reward": 12.045391460299477, "agents all reward": -4.362409547366425, "relative_reward": 7.6829819129330525, "_timestamp": 1671368866.5932252, "_runtime": 686.497994184494, "_step": 14}