{"relative_reward": 3.0007521005118196, "agents all reward": -0.1, "adversaries all reward": 3.1007521005118197, "a_loss agent leader": 3.0545769929885864, "a_loss agent follower": 0.0, "c_loss agent leader": 0.0014169654459692538, "c_loss agent follower": 0.0, "entropy agent leader": 5.765156388282776, "entropy agent follower": 0.0, "a_loss adversary leader": 1.2273294776678085, "a_loss adversary follower": 2.420841872692108, "c_loss adversary leader": 0.07718889228999615, "c_loss adversary follower": 0.17420603707432747, "entropy adversary leader": 6.17599081993103, "entropy adversary follower": 5.675783157348633, "_timestamp": 1659370315, "_runtime": 201431, "_step": 3035}