{"relative_reward": -2.265960533361188, "agents all reward": -2.265960533361188, "adversaries all reward": 0.0, "a_loss agent leader": -1.543051951975083, "a_loss agent follower": 0.8627656592848586, "c_loss agent leader": 0.4031222323364084, "c_loss agent follower": 3.5869109171200875, "a_loss adversary leader": -0.4101359149026089, "a_loss adversary follower": -0.5740771398060688, "c_loss adversary leader": 4.1774680461863944, "c_loss adversary follower": 0.2767289725230915, "_timestamp": 1654569578, "_runtime": 11, "_step": 0}