{"relative_reward": -0.8418895201872636, "agents all reward": -0.8487727610664818, "adversaries all reward": 0.006883240879218189, "a_loss agent leader": 3.051028311252594, "a_loss agent follower": 0.0, "c_loss agent leader": 0.08423693291842937, "c_loss agent follower": 0.0, "entropy agent leader": 5.680379867553711, "entropy agent follower": 0.0, "a_loss adversary leader": 1.8572734594345093, "a_loss adversary follower": 0.0, "c_loss adversary leader": 0.044348268769681454, "c_loss adversary follower": 0.0, "entropy adversary leader": 5.872116446495056, "entropy adversary follower": 0.0, "_timestamp": 1668948337.6975396, "_runtime": 93585.87935566902, "_step": 780}