{"adversaries all reward": 6.008055246544416, "agents all reward": -1.0169691127401757, "relative_reward": 4.99108613380424, "_timestamp": 1671286412.262572, "_runtime": 22209.170839071274, "_step": 517}