{"adversaries all reward": 0.0, "agents all reward": -12.315749387894911, "relative_reward": -12.315749387894911, "_timestamp": 1671191805.4046767, "_runtime": 6742.358993768692, "_step": 160}