{"adversaries all reward": 0.015503769409462093, "agents all reward": -0.3271611296976431, "relative_reward": -0.31165736028818103, "_timestamp": 1671259219.1865723, "_runtime": 40465.20596933365, "_step": 979}