{"adversaries all reward": 0.06822824851574476, "agents all reward": 0.0, "relative_reward": 0.06822824851574476, "_timestamp": 1671297185.7145143, "_runtime": 10143.896656274796, "_step": 218}