{"adversaries all reward": 3.0034300685687176, "agents all reward": -7.200707675866316, "relative_reward": -4.197277607297599, "_timestamp": 1671431269.8824942, "_runtime": 61117.847407102585, "_step": 1341}