{"adversaries all reward": 0.00045188550814711365, "agents all reward": -14.902352178706602, "relative_reward": -14.901900293198455, "_timestamp": 1671431993.4386692, "_runtime": 348.0822801589966, "_step": 2}