{"adversaries all reward": 0.0017043092124128432, "agents all reward": -6.0150275614569555, "relative_reward": -6.013323252244542, "_timestamp": 1671184148.6898518, "_runtime": 1900.0655937194824, "_step": 46}