{"adversaries all reward": 6.0, "agents all reward": -17.39920658017694, "relative_reward": -11.39920658017694, "_timestamp": 1671184894.381912, "_runtime": 282.12705087661743, "_step": 6}