{"relative_reward": 5.328258888968398, "agents all reward": -0.6784112312790399, "adversaries all reward": 6.006670120247438, "a_loss agent leader": 3.024505078792572, "a_loss agent follower": 0.0, "c_loss agent leader": 0.0132385294418782, "c_loss agent follower": 0.0, "entropy agent leader": 5.856086492538452, "entropy agent follower": 0.0, "a_loss adversary leader": 2.849239408969879, "a_loss adversary follower": 0.0, "c_loss adversary leader": 0.5298393368721008, "c_loss adversary follower": 0.0, "entropy adversary leader": 6.32865571975708, "entropy adversary follower": 0.0, "_timestamp": 1671102763.1369464, "_runtime": 438770.9308114052, "_step": 6115}