{"adversaries all reward": 0.01993731672423709, "agents all reward": -0.4610438175834621, "relative_reward": -0.441106500859225, "_timestamp": 1672100556.659899, "_runtime": 665683.5713350773, "_step": 6096}