{"relative_reward": 67.79109804785487, "agents all reward": -4.208901952145121, "adversaries all reward": 72.0, "a_loss agent leader": 3.100279211997986, "a_loss agent follower": 0.0, "c_loss agent leader": 0.035717673134058714, "c_loss agent follower": 0.0, "entropy agent leader": 5.270536422729492, "entropy agent follower": 0.0, "a_loss adversary leader": 2.9028414487838745, "a_loss adversary follower": 2.9038038849830627, "c_loss adversary leader": 1.4691496789455414, "c_loss adversary follower": 0.41196440160274506, "entropy adversary leader": 5.870784640312195, "entropy adversary follower": 5.675753951072693, "_timestamp": 1670065282.9149435, "_runtime": 771706.0767223835, "_step": 6491}