{"adversaries all reward": 6.00235147549643, "agents all reward": -2.234490064709916, "relative_reward": 3.7678614107865136, "_timestamp": 1671206814.5574117, "_runtime": 5350.638514757156, "_step": 124}