{"adversaries all reward": 6.002257455901729, "agents all reward": -9.68449599204468, "relative_reward": -3.6822385361429504, "_timestamp": 1671184148.6755505, "_runtime": 1899.2663354873657, "_step": 46}