{"adversaries all reward": 0.0007676269249544472, "agents all reward": -2.1407401484888973, "relative_reward": -2.139972521563943, "_timestamp": 1671259219.189519, "_runtime": 40464.48708295822, "_step": 979}