{"a_loss_agent": 0.10035154595971107, "a_loss_adversary": 1144.8990783691406, "adversaries all reward": 0.056137634649582026, "agents all reward": -6.693478777728614, "relative_reward": -6.6373411430790314, "_timestamp": 1671368866.6012561, "_runtime": 685.7139282226562, "_step": 14}