{"adversaries all reward": 0.0, "agents all reward": -18.75393964229393, "relative_reward": -18.75393964229393, "_timestamp": 1671184894.3724384, "_runtime": 283.04678535461426, "_step": 6}