{"adversaries all reward": 0.0, "agents all reward": -12.24207266699543, "relative_reward": -12.24207266699543, "_timestamp": 1671184894.3806486, "_runtime": 282.9675385951996, "_step": 6}