{"adversaries all reward": 6.0568619260123615, "agents all reward": -0.2015153341928952, "relative_reward": 5.855346591819466, "_timestamp": 1671259219.183598, "_runtime": 40464.753558158875, "_step": 979}