{"adversaries all reward": 0.011847673523464431, "agents all reward": -0.2214812297247203, "relative_reward": -0.20963355620125587, "_timestamp": 1671347451.7899861, "_runtime": 50007.2897131443, "_step": 1080}