{"relative_reward": -9.602942533730339, "agents all reward": -9.603154644416508, "adversaries all reward": 0.00021211068616901985, "a_loss agent leader": 3.2268317341804504, "a_loss agent follower": 0.0, "c_loss agent leader": 0.0804679375141859, "c_loss agent follower": 0.0, "entropy agent leader": 5.410573244094849, "entropy agent follower": 0.0, "a_loss adversary leader": 2.338568150997162, "a_loss adversary follower": 0.0, "c_loss adversary leader": 0.08518286794424057, "c_loss adversary follower": 0.0, "entropy adversary leader": 5.526278734207153, "entropy adversary follower": 0.0, "_timestamp": 1670663726.3825119, "_runtime": 96004.5110669136, "_step": 1371}