{"adversaries all reward": 0.0, "agents all reward": -13.155788627635388, "relative_reward": -13.155788627635388, "_timestamp": 1671367413.8269825, "_runtime": 19720.260994434357, "_step": 420}