{"adversaries all reward": 6.000522633084354, "agents all reward": -14.808032499751427, "relative_reward": -8.807509866667072, "_timestamp": 1671218524.4729774, "_runtime": 11469.060556411743, "_step": 274}