{"adversaries all reward": 21.0, "agents all reward": -7.837577941627632, "relative_reward": 13.162422058372368, "_timestamp": 1671431269.8943636, "_runtime": 61117.34378552437, "_step": 1341}