{"a_loss_agent": 0.024345755577087402, "a_loss_adversary": 0.05378943309187889, "adversaries all reward": 21.00373845187259, "agents all reward": -2.9100007555047296, "relative_reward": 18.09373769636786, "_timestamp": 1671206814.555882, "_runtime": 5351.413380861282, "_step": 124}