{"relative_reward": 29.018561771508278, "agents all reward": -0.9999999999999999, "adversaries all reward": 30.018561771508278, "a_loss agent leader": 2.755935311317444, "a_loss agent follower": 0.0, "c_loss agent leader": 0.017610423732548952, "c_loss agent follower": 0.0, "entropy agent leader": 5.745042562484741, "entropy agent follower": 0.0, "a_loss adversary leader": 2.864696443080902, "a_loss adversary follower": 2.9461275935173035, "c_loss adversary leader": 1.28951895236969, "c_loss adversary follower": 0.5525008141994476, "entropy adversary leader": 5.98563289642334, "entropy adversary follower": 5.675753593444824, "_timestamp": 1674806376.0086236, "_runtime": 67880.99656152725, "_step": 998}