{"adversaries all reward": 6.009009315190949, "agents all reward": -9.502095808492632, "relative_reward": -3.493086493301683, "_timestamp": 1671431993.440745, "_runtime": 348.6498520374298, "_step": 2}