{"reward": -10.0, "relative_reward": {"adversary_0": 0.0, "adversary_1": 0.0, "agent_0": -281.2000867242837}, "agents all reward": -281.2000867242837, "adversaries all reward": 0.0, "a_loss agent leader": 9401.864232695947, "a_loss agent follower": 3.383291196810582, "c_loss agent leader": 18810.527779430147, "c_loss agent follower": 1.508744566364424, "a_loss adversary leader": -2.3179747102438, "a_loss adversary follower": -3.0549180211550913, "c_loss adversary leader": 3.810770389004907, "c_loss adversary follower": 1.5900398722974114, "_timestamp": 1654537394, "_runtime": 213, "_step": 18}