{"adversaries all reward": 0.0014195469176881024, "agents all reward": -2.085200495545837, "relative_reward": -2.083780948628149, "_timestamp": 1671369905.0896668, "_runtime": 314.6265528202057, "_step": 6}