{"relative_reward": 10.26430279747606, "agents all reward": -1.741729828063264, "adversaries all reward": 12.006032625539323, "a_loss agent leader": 2.902044892311096, "a_loss agent follower": 0.0, "c_loss agent leader": 0.017827362287789583, "c_loss agent follower": 0.0, "entropy agent leader": 5.709766626358032, "entropy agent follower": 0.0, "a_loss adversary leader": 2.775134563446045, "a_loss adversary follower": 1.9329774379730225, "c_loss adversary leader": 1.3614476025104523, "c_loss adversary follower": 1.3211456537246704, "entropy adversary leader": 5.771276593208313, "entropy adversary follower": 5.675753593444824, "_timestamp": 1675752495.0941827, "_runtime": 402530.6386487484, "_step": 5933}