{"adversaries all reward": 3.000560673948815, "agents all reward": -8.673031088490772, "relative_reward": -5.672470414541957, "_timestamp": 1671195389.161349, "_runtime": 3339.436110973358, "_step": 79}