{"adversaries all reward": 0.0008802878800744077, "agents all reward": -14.504941674933118, "relative_reward": -14.504061387053044, "_timestamp": 1671218524.4886308, "_runtime": 11468.473346710205, "_step": 274}