{"adversaries all reward": 6.0021907988772, "agents all reward": -9.925679330623435, "relative_reward": -3.9234885317462354, "_timestamp": 1671191805.3941803, "_runtime": 6742.678811311722, "_step": 160}