{"relative_reward": 3.6808210175002714, "agents all reward": -0.5243843757918513, "adversaries all reward": 4.205205393292123, "a_loss agent leader": 0.04641788275992287, "a_loss agent follower": -3.3089127122447195, "c_loss agent leader": 3.1447010243960043, "c_loss agent follower": 1.0840243522561475, "entropy agent leader": 4.695633034464535, "entropy agent follower": 1.525662159460424, "a_loss adversary leader": 1.94239550659343, "a_loss adversary follower": -1.767828800530457, "c_loss adversary leader": 7.4454863358390355, "c_loss adversary follower": 0.644058146157006, "entropy adversary leader": 4.731787442122722, "entropy adversary follower": 1.568244227587175, "_timestamp": 1654613665, "_runtime": 5002, "_step": 535}