{"relative_reward": -0.00259403735752875, "agents all reward": -0.02379409623294201, "adversaries all reward": 0.02120005887541326, "a_loss agent leader": 3.081364393234253, "a_loss agent follower": 0.0, "c_loss agent leader": 0.0003710269011207856, "c_loss agent follower": 0.0, "entropy agent leader": 5.260900020599365, "entropy agent follower": 0.0, "a_loss adversary leader": 1.8750999867916107, "a_loss adversary follower": 3.0321609377861023, "c_loss adversary leader": 0.008551251143217087, "c_loss adversary follower": 0.015260977670550346, "entropy adversary leader": 5.90507960319519, "entropy adversary follower": 5.623904824256897, "_timestamp": 1658767694, "_runtime": 106535, "_step": 1598}