{"relative_reward": 0.0, "agents all reward": 0.0, "adversaries all reward": 0.0, "a_loss agent leader": -0.6868408513982044, "a_loss agent follower": 2.0057992422116993, "c_loss agent leader": 3.546108747894923, "c_loss agent follower": 0.13972171206368075, "a_loss adversary leader": -0.7143245971037187, "a_loss adversary follower": 3.8011040696891083, "c_loss adversary leader": 3.9017634936566896, "c_loss adversary follower": 5.970481476172257, "_timestamp": 1654572877, "_runtime": 174, "_step": 16}