{"relative_reward": 8.570587554708208, "agents all reward": -0.4307291400067785, "adversaries all reward": 9.001316694714987, "a_loss agent leader": 3.059830665588379, "a_loss agent follower": 0.0, "c_loss agent leader": 0.02293340489268303, "c_loss agent follower": 0.0, "entropy agent leader": 4.940005898475647, "entropy agent follower": 0.0, "a_loss adversary leader": 2.78784441947937, "a_loss adversary follower": 2.8338425159454346, "c_loss adversary leader": 1.1252580285072327, "c_loss adversary follower": 0.273872472345829, "entropy adversary leader": 5.346401214599609, "entropy adversary follower": 5.6757893562316895, "_timestamp": 1660317988, "_runtime": 349560, "_step": 5225}