{"adversaries all reward": 15.076828580531007, "agents all reward": -0.5066396646923721, "relative_reward": 14.570188915838635, "_timestamp": 1671347451.7817867, "_runtime": 50007.32284164429, "_step": 1080}