{"adversaries all reward": 0.0011446012110062648, "agents all reward": -15.513446364001108, "relative_reward": -15.512301762790102, "_timestamp": 1671367413.8221347, "_runtime": 19719.00579571724, "_step": 420}