{"adversaries all reward": 0.007519744119752145, "agents all reward": -2.0199044705514644, "relative_reward": -2.012384726431712, "_timestamp": 1671369905.107105, "_runtime": 314.95231008529663, "_step": 6}