{"relative_reward": 17.50066204732778, "agents all reward": -0.6, "adversaries all reward": 18.10066204732778, "a_loss agent leader": 2.8542760610580444, "a_loss agent follower": 0.0, "c_loss agent leader": 0.0033700017374940217, "c_loss agent follower": 0.0, "entropy agent leader": 6.031277060508728, "entropy agent follower": 0.0, "a_loss adversary leader": 2.1765938997268677, "a_loss adversary follower": 3.3282886743545532, "c_loss adversary leader": 0.4257899075746536, "c_loss adversary follower": 0.18117345124483109, "entropy adversary leader": 6.178110837936401, "entropy adversary follower": 5.673909544944763, "_timestamp": 1674993982.28691, "_runtime": 124104.30216693878, "_step": 1824}