{"adversaries all reward": 6.0863020756088115, "agents all reward": -0.782280800643693, "relative_reward": 5.304021274965119, "_timestamp": 1671184148.6708694, "_runtime": 1899.177151441574, "_step": 46}