{"relative_reward": 28.44923558494057, "agents all reward": -1.583382177129532, "adversaries all reward": 30.0326177620701, "a_loss agent leader": 2.845004379749298, "a_loss agent follower": 0.0, "c_loss agent leader": 0.024142428301274776, "c_loss agent follower": 0.0, "entropy agent leader": 6.169801354408264, "entropy agent follower": 0.0, "a_loss adversary leader": 2.9907188415527344, "a_loss adversary follower": 0.0, "c_loss adversary leader": 2.692920207977295, "c_loss adversary follower": 0.0, "entropy adversary leader": 6.297656774520874, "entropy adversary follower": 0.0, "_timestamp": 1667448400.2642136, "_runtime": 37817.14443850517, "_step": 316}