{"adversaries all reward": 12.51131402322501, "agents all reward": -4.1788016338518315, "relative_reward": 8.332512389373179, "_timestamp": 1671431993.4551876, "_runtime": 346.9781086444855, "_step": 2}