{"adversaries all reward": 0.04080421295486301, "agents all reward": -2.9083522525758907, "relative_reward": -2.8675480396210276, "_timestamp": 1671263798.2255158, "_runtime": 1764.9736008644104, "_step": 40}