{"relative_reward": -0.2071232584578483, "agents all reward": -0.21213046076609324, "adversaries all reward": 0.005007202308244957, "a_loss agent leader": 2.8018478751182556, "a_loss agent follower": 0.0, "c_loss agent leader": 0.002864543639589101, "c_loss agent follower": 0.0, "entropy agent leader": 5.924261927604675, "entropy agent follower": 0.0, "a_loss adversary leader": 2.8832632303237915, "a_loss adversary follower": 2.26814866065979, "c_loss adversary leader": 0.12423986382782459, "c_loss adversary follower": 0.08163947984576225, "entropy adversary leader": 6.217029094696045, "entropy adversary follower": 5.675721883773804, "_timestamp": 1674869369.4220724, "_runtime": 62436.19933342934, "_step": 914}