{"adversaries all reward": 0.002536993938967367, "agents all reward": -13.032811529789768, "relative_reward": -13.0302745358508, "_timestamp": 1671218524.485969, "_runtime": 11469.590506076813, "_step": 274}