{"reward": -10.0, "relative_reward": {"adversary_0": 0.0, "adversary_1": 0.0, "agent_0": -184.56658568652873}, "agents all reward": -184.56658568652873, "adversaries all reward": 0.0, "a_loss agent leader": 4132.317709730563, "a_loss agent follower": -1.4534036134642079, "c_loss agent leader": 8273.07537816175, "c_loss agent follower": 2.5632122446088204, "a_loss adversary leader": -2.043917961188976, "a_loss adversary follower": -3.803430594872446, "c_loss adversary leader": 2.4580368538840345, "c_loss adversary follower": 1.5830652766550037, "_timestamp": 1654533506, "_runtime": 13, "_step": 1}