{"adversaries all reward": 6.007604571099743, "agents all reward": -2.893724587648348, "relative_reward": 3.1138799834513953, "_timestamp": 1671263798.2152355, "_runtime": 1764.7789244651794, "_step": 40}