{"relative_reward": 42.98291222784105, "agents all reward": -2.021629865544766, "adversaries all reward": 45.004542093385815, "a_loss agent leader": 2.902044892311096, "a_loss agent follower": 0.0, "c_loss agent leader": 0.017827362287789583, "c_loss agent follower": 0.0, "entropy agent leader": 5.709766626358032, "entropy agent follower": 0.0, "a_loss adversary leader": 2.775134563446045, "a_loss adversary follower": 1.9329774379730225, "c_loss adversary leader": 1.3614476025104523, "c_loss adversary follower": 1.3211456537246704, "entropy adversary leader": 5.771276593208313, "entropy adversary follower": 5.675753593444824, "_timestamp": 1675752494.5655894, "_runtime": 402568.94750642776, "_step": 5933}