{"adversaries all reward": 30.087502370370665, "agents all reward": -2.5010624957860443, "relative_reward": 27.58643987458462, "_timestamp": 1671434270.2473013, "_runtime": 1549.8953504562378, "_step": 13}