{"adversaries all reward": 0.0015258931362214317, "agents all reward": -11.531325833521832, "relative_reward": -11.52979994038561, "_timestamp": 1671195389.1625738, "_runtime": 3340.07297372818, "_step": 79}