{"adversaries all reward": 6.002625554517375, "agents all reward": -2.009756993695569, "relative_reward": 3.9928685608218064, "_timestamp": 1671286412.263617, "_runtime": 22209.41638994217, "_step": 517}