{"relative_reward": 0.23029649395680396, "agents all reward": 0.0, "adversaries all reward": 0.23029649395680396, "a_loss agent leader": 3.128693699836731, "a_loss agent follower": 0.0, "c_loss agent leader": 0.0011442256218288094, "c_loss agent follower": 0.0, "entropy agent leader": 5.96397066116333, "entropy agent follower": 0.0, "a_loss adversary leader": 1.7254363596439362, "a_loss adversary follower": 2.5064620971679688, "c_loss adversary leader": 0.05314582586288452, "c_loss adversary follower": 8.1654132604599, "entropy adversary leader": 6.187018990516663, "entropy adversary follower": 5.675793647766113, "_timestamp": 1660376467, "_runtime": 56431, "_step": 846}