{"adversaries all reward": 0.0021762202876456356, "agents all reward": -2.389030299197186, "relative_reward": -2.3868540789095407, "_timestamp": 1671286412.252519, "_runtime": 22208.107179880142, "_step": 517}