{"a_loss_agent": 0.023812757339328527, "a_loss_adversary": 0.47950683534145355, "adversaries all reward": 18.047438692234984, "agents all reward": -6.9344672504405445, "relative_reward": 11.11297144179444, "_timestamp": 1671431269.883494, "_runtime": 61116.61387491226, "_step": 1341}