{"adversaries all reward": 9.013709987901315, "agents all reward": -15.650245676069943, "relative_reward": -6.636535688168628, "_timestamp": 1671218524.477652, "_runtime": 11469.184964179993, "_step": 274}