{"adversaries all reward": 72.0147837203633, "agents all reward": -1.462454622810363, "relative_reward": 70.55232909755293, "_timestamp": 1672100556.6628816, "_runtime": 665684.941167593, "_step": 6096}