{"adversaries all reward": 0.00023243798319047117, "agents all reward": -13.406722880482768, "relative_reward": -13.406490442499578, "_timestamp": 1671431993.4422503, "_runtime": 347.5862193107605, "_step": 2}