{"adversaries all reward": 18.009304668646564, "agents all reward": -0.7514687523052492, "relative_reward": 17.257835916341314, "_timestamp": 1671286412.2590709, "_runtime": 22208.542064905167, "_step": 517}