{"adversaries all reward": 36.17746074436038, "agents all reward": -3.9467025619903087, "relative_reward": 32.230758182370074, "_timestamp": 1672100556.6562612, "_runtime": 665685.0098702908, "_step": 6096}