{"adversaries all reward": 6.001481382914358, "agents all reward": -8.400436302738125, "relative_reward": -2.398954919823767, "_timestamp": 1671206814.5527987, "_runtime": 5350.879542827606, "_step": 124}