{"adversaries all reward": 0.06728971457915636, "agents all reward": -0.030131011147097052, "relative_reward": 0.037158703432059306, "_timestamp": 1671263798.2225163, "_runtime": 1764.5692021846771, "_step": 40}