{"adversaries all reward": 0.0006157408047001924, "agents all reward": -3.7599823163639385, "relative_reward": -3.7593665755592385, "_timestamp": 1671201274.401445, "_runtime": 4588.358193874359, "_step": 109}