{"adversaries all reward": 6.004876406720169, "agents all reward": -8.167169934680794, "relative_reward": -2.1622935279606255, "_timestamp": 1671431269.8959122, "_runtime": 61116.464415073395, "_step": 1341}