{"adversaries all reward": 12.086339801812247, "agents all reward": -0.7661080730438252, "relative_reward": 11.320231728768423, "_timestamp": 1672100556.6748629, "_runtime": 665685.4774918556, "_step": 6096}