{"adversaries all reward": 6.002217912962986, "agents all reward": -1.8997834649573284, "relative_reward": 4.102434448005658, "_timestamp": 1671184148.6691606, "_runtime": 1900.4536595344543, "_step": 46}