{"relative_reward": -0.015465385558946849, "agents all reward": -0.02542690783891781, "adversaries all reward": 0.00996152227997096, "a_loss agent leader": 2.84385746717453, "a_loss agent follower": 0.0, "c_loss agent leader": 0.008382471976801753, "c_loss agent follower": 0.0, "entropy agent leader": 5.083154916763306, "entropy agent follower": 0.0, "a_loss adversary leader": 2.4464335441589355, "a_loss adversary follower": 3.0905452370643616, "c_loss adversary leader": 0.4410831332206726, "c_loss adversary follower": 0.2999294698238373, "entropy adversary leader": 6.235365509986877, "entropy adversary follower": 5.675790905952454, "_timestamp": 1657198212, "_runtime": 91795, "_step": 1367}