{"adversaries all reward": 0.0011280401342052553, "agents all reward": -19.806273776792203, "relative_reward": -19.805145736657998, "_timestamp": 1671367413.8187785, "_runtime": 19718.88279247284, "_step": 420}