{"adversaries all reward": 0.01826116495781987, "agents all reward": -0.15739314524642625, "relative_reward": -0.13913198028860638, "_timestamp": 1671286412.2602453, "_runtime": 22208.075055360794, "_step": 517}