{"adversaries all reward": 0.012916719736385137, "agents all reward": -0.8280581116567725, "relative_reward": -0.8151413919203874, "_timestamp": 1671263798.2067466, "_runtime": 1765.5221936702728, "_step": 40}