{"relative_reward": 26.105380929141134, "agents all reward": -0.901258204022816, "adversaries all reward": 27.00663913316395, "a_loss agent leader": 3.020459830760956, "a_loss agent follower": 0.0, "c_loss agent leader": 0.026281950529664755, "c_loss agent follower": 0.0, "entropy agent leader": 5.585268974304199, "entropy agent follower": 0.0, "a_loss adversary leader": 2.4567211270332336, "a_loss adversary follower": 2.5018975138664246, "c_loss adversary leader": 0.840463250875473, "c_loss adversary follower": 0.24682816863059998, "entropy adversary leader": 6.247945308685303, "entropy adversary follower": 5.675752520561218, "_timestamp": 1674709748.3180661, "_runtime": 102073.21190214157, "_step": 1508}