{"adversaries all reward": 3.003030609437632, "agents all reward": -4.4360071243474355, "relative_reward": -1.4329765149098037, "_timestamp": 1671431269.8853533, "_runtime": 61117.64398741722, "_step": 1341}