{"a_loss_agent": 0.021019617095589638, "a_loss_adversary": 0.7580060511827469, "adversaries all reward": 12.028225196116924, "agents all reward": -0.21347702953659733, "relative_reward": 11.814748166580326, "_timestamp": 1672100556.6689992, "_runtime": 665684.0626811981, "_step": 6096}