{"adversaries all reward": 12.015221200092636, "agents all reward": -12.399126683706763, "relative_reward": -0.3839054836141269, "_timestamp": 1671431993.4460325, "_runtime": 347.1376304626465, "_step": 2}