{"adversaries all reward": 6.021627647747004, "agents all reward": -0.2, "relative_reward": 5.821627647747004, "_timestamp": 1671297185.7162466, "_runtime": 10143.353672504425, "_step": 218}