{"a_loss_agent": 0.6722080707550049, "a_loss_adversary": 0.29429154843091965, "adversaries all reward": 0.18165540020444312, "agents all reward": 0.0, "relative_reward": 0.18165540020444312, "_timestamp": 1671259219.1745288, "_runtime": 40465.63383793831, "_step": 979}