{"relative_reward": -0.0454452077844833, "agents all reward": -0.0704921376964925, "adversaries all reward": 0.025046929912009203, "a_loss agent leader": 3.029297947883606, "a_loss agent follower": 0.0, "c_loss agent leader": 0.0028985548415221274, "c_loss agent follower": 0.0, "entropy agent leader": 6.032656192779541, "entropy agent follower": 0.0, "a_loss adversary leader": 3.027247130870819, "a_loss adversary follower": 2.3114007711410522, "c_loss adversary leader": 0.8103225827217102, "c_loss adversary follower": 6.970868825912476, "entropy adversary leader": 6.269388675689697, "entropy adversary follower": 5.675754070281982, "_timestamp": 1676354968.6338716, "_runtime": 600666.0150945187, "_step": 5129}