{"reward": -10.0, "relative_reward": {"adversary_0": 0.0, "adversary_1": 0.0, "agent_0": -256.96791672652165}, "agents all reward": -256.96791672652165, "adversaries all reward": 0.0, "a_loss agent leader": 7573.8279534704325, "a_loss agent follower": 5.2957367945502485, "c_loss agent leader": 15155.093912490913, "c_loss agent follower": 3.5028013132074793, "a_loss adversary leader": -2.893594348198309, "a_loss adversary follower": -2.305879959128052, "c_loss adversary leader": 0.5222900138839038, "c_loss adversary follower": 0.6370174221988884, "_timestamp": 1654537052, "_runtime": 14, "_step": 1}