{"adversaries all reward": 0.0, "agents all reward": -13.36981177342014, "relative_reward": -13.36981177342014, "_timestamp": 1671368866.5970163, "_runtime": 685.5817084312439, "_step": 14}