{"adversaries all reward": 0.01517612593969605, "agents all reward": -15.569984689932209, "relative_reward": -15.554808563992513, "_timestamp": 1671218524.4847555, "_runtime": 11469.684715509415, "_step": 274}