{"adversaries all reward": 0.005811423071368459, "agents all reward": -1.0913935299229645, "relative_reward": -1.085582106851596, "_timestamp": 1671206814.5584736, "_runtime": 5350.931638479233, "_step": 124}