{"adversaries all reward": 3.0090341990653067, "agents all reward": -2.704146214842402, "relative_reward": 0.30488798422290486, "_timestamp": 1671263798.2134876, "_runtime": 1764.3311927318573, "_step": 40}