{"adversaries all reward": 12.005409118217448, "agents all reward": -1.070373282187087, "relative_reward": 10.935035836030362, "_timestamp": 1671286412.2541149, "_runtime": 22207.62281894684, "_step": 517}