{"a_loss_agent": 1.0060279220342636, "a_loss_adversary": 0.65045265853405, "adversaries all reward": 0.05143408363664174, "agents all reward": -12.447071711062353, "relative_reward": -12.395637627425712, "_timestamp": 1671431993.444735, "_runtime": 348.1598219871521, "_step": 2}