{"adversaries all reward": 3.0, "agents all reward": -14.874271437465952, "relative_reward": -11.874271437465952, "_timestamp": 1671191805.4056575, "_runtime": 6742.539340496063, "_step": 160}