{"adversaries all reward": 0.00043342918865256713, "agents all reward": -6.5385101811085065, "relative_reward": -6.538076751919854, "_timestamp": 1671195389.1698925, "_runtime": 3340.140228509903, "_step": 79}