{"adversaries all reward": 0.00400873719761944, "agents all reward": -18.00975373934007, "relative_reward": -18.00574500214245, "_timestamp": 1671434270.2366998, "_runtime": 1549.567616701126, "_step": 13}