{"relative_reward": 0.007410145709048223, "agents all reward": -0.004979902730649688, "adversaries all reward": 0.01239004843969791, "a_loss agent leader": 2.8588492274284363, "a_loss agent follower": 0.0, "c_loss agent leader": 0.0006785094883525744, "c_loss agent follower": 0.0, "entropy agent leader": 5.552733063697815, "entropy agent follower": 0.0, "a_loss adversary leader": 1.3752512335777283, "a_loss adversary follower": 2.178053468465805, "c_loss adversary leader": 0.07707261107861996, "c_loss adversary follower": 0.08779110945761204, "entropy adversary leader": 6.073233962059021, "entropy adversary follower": 5.675780653953552, "_timestamp": 1661677150, "_runtime": 316805, "_step": 4763}