{"adversaries all reward": 6.008203232710934, "agents all reward": -11.303163240630344, "relative_reward": -5.29496000791941, "_timestamp": 1671218524.4820054, "_runtime": 11469.251862287521, "_step": 274}