{"adversaries all reward": 0.1289246504592939, "agents all reward": 0.0, "relative_reward": 0.1289246504592939, "_timestamp": 1671297185.7233992, "_runtime": 10144.12303519249, "_step": 218}