{"relative_reward": 0.00544999940148458, "agents all reward": -0.003037407866479447, "adversaries all reward": 0.008487407267964027, "a_loss agent leader": 2.6578696370124817, "a_loss agent follower": 0.0, "c_loss agent leader": 0.0027826137957163155, "c_loss agent follower": 0.0, "entropy agent leader": 5.601903200149536, "entropy agent follower": 0.0, "a_loss adversary leader": 2.289310872554779, "a_loss adversary follower": 2.5177653431892395, "c_loss adversary leader": 0.20560726150870323, "c_loss adversary follower": 0.29016832262277603, "entropy adversary leader": 6.145755290985107, "entropy adversary follower": 5.675784468650818, "_timestamp": 1661018027, "_runtime": 31607, "_step": 477}