{"adversaries all reward": 3.0028318952080344, "agents all reward": -2.1518067163552264, "relative_reward": 0.851025178852808, "_timestamp": 1671184148.6776726, "_runtime": 1899.804535627365, "_step": 46}