{"adversaries all reward": 30.02061783024927, "agents all reward": -2.374617327986405, "relative_reward": 27.646000502262865, "_timestamp": 1671184148.6854231, "_runtime": 1898.9843242168427, "_step": 46}