{"adversaries all reward": 12.044952226694669, "agents all reward": -0.4, "relative_reward": 11.644952226694668, "_timestamp": 1671347451.780288, "_runtime": 50008.85448503494, "_step": 1080}