{"reward": 0.0, "relative_reward": {"adversary_0": 40.0, "adversary_1": 40.0, "agent_0": -40.0}, "agents all reward": -40.0, "adversaries all reward": 80.0, "a_loss agent leader": 196.13286421771915, "a_loss agent follower": 2.5390373799767985, "c_loss agent leader": 402.16112139244507, "c_loss agent follower": 0.3058120213919763, "a_loss adversary leader": 255.99503425075073, "a_loss adversary follower": 2.581152389186452, "c_loss adversary leader": 516.9191926078518, "c_loss adversary follower": 0.2254304886719777, "_timestamp": 1654533777, "_runtime": 11, "_step": 0}