{"relative_reward": -0.32120768585083226, "agents all reward": -0.32549877611903516, "adversaries all reward": 0.00429109026820291, "a_loss agent leader": 2.254285752773285, "a_loss agent follower": 0.0, "c_loss agent leader": 0.010018065222539008, "c_loss agent follower": 0.0, "entropy agent leader": 4.996622562408447, "entropy agent follower": 0.0, "a_loss adversary leader": 1.6422491073608398, "a_loss adversary follower": 2.53456974029541, "c_loss adversary leader": 0.3349405527114868, "c_loss adversary follower": 2.096714496612549, "entropy adversary leader": 6.041358828544617, "entropy adversary follower": 5.675793647766113, "_timestamp": 1660629978, "_runtime": 134064, "_step": 2014}