{"adversaries all reward": 6.034554945646425, "agents all reward": -0.36007397379895556, "relative_reward": 5.674480971847469, "_timestamp": 1671259219.1880605, "_runtime": 40465.57606458664, "_step": 979}