{"a_loss_agent": 0.27235008776187897, "a_loss_adversary": 0.17388992384076118, "adversaries all reward": 0.0, "agents all reward": -11.44423720640625, "relative_reward": -11.44423720640625, "_timestamp": 1671434270.2361057, "_runtime": 1550.3285596370697, "_step": 13}