{"relative_reward": 7.416000414277477, "agents all reward": -4.583999585722523, "adversaries all reward": 12.0, "a_loss agent leader": 2.5864278078079224, "a_loss agent follower": 0.0, "c_loss agent leader": 0.05039410013705492, "c_loss agent follower": 0.0, "entropy agent leader": 5.196312427520752, "entropy agent follower": 0.0, "a_loss adversary leader": 3.099442183971405, "a_loss adversary follower": 2.7225723266601562, "c_loss adversary leader": 0.8586197197437286, "c_loss adversary follower": 5.362856149673462, "entropy adversary leader": 6.112968683242798, "entropy adversary follower": 5.675793647766113, "_timestamp": 1661359925, "_runtime": 341733, "_step": 5235}