{"relative_reward": -0.17123478132298722, "agents all reward": -0.17970340663668202, "adversaries all reward": 0.008468625313694796, "a_loss agent leader": 2.8018478751182556, "a_loss agent follower": 0.0, "c_loss agent leader": 0.002864543639589101, "c_loss agent follower": 0.0, "entropy agent leader": 5.924261927604675, "entropy agent follower": 0.0, "a_loss adversary leader": 2.8832632303237915, "a_loss adversary follower": 2.26814866065979, "c_loss adversary leader": 0.12423986382782459, "c_loss adversary follower": 0.08163947984576225, "entropy adversary leader": 6.217029094696045, "entropy adversary follower": 5.675721883773804, "_timestamp": 1674869370.0304072, "_runtime": 62379.73960208893, "_step": 914}