{"adversaries all reward": 0.0012511967363156653, "agents all reward": -14.304089505932703, "relative_reward": -14.302838309196387, "_timestamp": 1671191805.406716, "_runtime": 6742.357574224472, "_step": 160}