{"relative_reward": 23.159744425512574, "agents all reward": -0.8505341328455231, "adversaries all reward": 24.0102785583581, "a_loss agent leader": 2.9614551067352295, "a_loss agent follower": 0.0, "c_loss agent leader": 0.020924082025885582, "c_loss agent follower": 0.0, "entropy agent leader": 5.62725555896759, "entropy agent follower": 0.0, "a_loss adversary leader": 2.5935954451560974, "a_loss adversary follower": 2.5151320099830627, "c_loss adversary leader": 0.9488220363855362, "c_loss adversary follower": 0.5969683229923248, "entropy adversary leader": 6.151757121086121, "entropy adversary follower": 5.675753593444824, "_timestamp": 1675349590.147877, "_runtime": 355298.6318318844, "_step": 5199}