{"adversaries all reward": 6.002790972101961, "agents all reward": -0.8753243064067113, "relative_reward": 5.127466665695249, "_timestamp": 1671369905.1006968, "_runtime": 314.24474477767944, "_step": 6}