{"adversaries all reward": 0.0, "agents all reward": -18.512403909089215, "relative_reward": -18.512403909089215, "_timestamp": 1671368866.5918393, "_runtime": 685.1737623214722, "_step": 14}