{"adversaries all reward": 18.03963679509584, "agents all reward": -14.459526364769909, "relative_reward": 3.5801104303259326, "_timestamp": 1671431993.4589524, "_runtime": 347.362797498703, "_step": 2}