{"a_loss_agent": 0.3663710281252861, "a_loss_adversary": 0.18337280303239822, "adversaries all reward": 0.0, "agents all reward": -9.657358825209508, "relative_reward": -9.657358825209508, "_timestamp": 1671184148.6739645, "_runtime": 1899.780146598816, "_step": 46}