{"relative_reward": 0.020803993652230436, "agents all reward": -0.002413079530949991, "adversaries all reward": 0.023217073183180427, "a_loss agent leader": 2.7599528431892395, "a_loss agent follower": 0.0, "c_loss agent leader": 0.0011212421668460593, "c_loss agent follower": 0.0, "entropy agent leader": 5.763025403022766, "entropy agent follower": 0.0, "a_loss adversary leader": 1.6703125536441803, "a_loss adversary follower": 3.099941372871399, "c_loss adversary leader": 0.022480435436591506, "c_loss adversary follower": 5.511046290397644, "entropy adversary leader": 5.845260739326477, "entropy adversary follower": 5.675793647766113, "_timestamp": 1659968050, "_runtime": 102858, "_step": 1549}