{"adversaries all reward": 6.005453310714159, "agents all reward": -6.946249412277333, "relative_reward": -0.9407961015631736, "_timestamp": 1671368866.6030126, "_runtime": 686.4531025886536, "_step": 14}