{"relative_reward": -0.00440807262438056, "agents all reward": -0.20440807262438057, "adversaries all reward": 0.2, "a_loss agent leader": -1.3469976069995921, "a_loss agent follower": 1.7094935134597602, "c_loss agent leader": 1.098707658860012, "c_loss agent follower": 0.6279013690881305, "a_loss adversary leader": 0.3784976459677092, "a_loss adversary follower": 2.0680776035434136, "c_loss adversary leader": 4.519619556032493, "c_loss adversary follower": 3.424491106670099, "_timestamp": 1654582475, "_runtime": 54, "_step": 4}