{"adversaries all reward": 3.0009331076836414, "agents all reward": -17.833754738611066, "relative_reward": -14.832821630927425, "_timestamp": 1671367413.8204715, "_runtime": 19719.267763614655, "_step": 420}