{"relative_reward": 0.019051269733795805, "agents all reward": 0.0, "adversaries all reward": 0.019051269733795805, "a_loss agent leader": 2.0652313828468323, "a_loss agent follower": 0.0, "c_loss agent leader": 0.006198960239998996, "c_loss agent follower": 0.0, "entropy agent leader": 5.918557405471802, "entropy agent follower": 0.0, "a_loss adversary leader": 1.4428929388523102, "a_loss adversary follower": 2.1710774898529053, "c_loss adversary leader": 0.20180930942296982, "c_loss adversary follower": 2.1516956090927124, "entropy adversary leader": 6.1874425411224365, "entropy adversary follower": 5.675793647766113, "_timestamp": 1662902570, "_runtime": 189235, "_step": 2852}