{"adversaries all reward": 0.0017534972711583823, "agents all reward": -13.618798252507677, "relative_reward": -13.617044755236519, "_timestamp": 1671206814.5603278, "_runtime": 5350.576721668243, "_step": 124}