{"adversaries all reward": 15.002783657416332, "agents all reward": -7.870292230751013, "relative_reward": 7.132491426665319, "_timestamp": 1671431269.8985758, "_runtime": 61117.40700173378, "_step": 1341}