{"adversaries all reward": 0.007065554235416162, "agents all reward": -3.3360512786762087, "relative_reward": -3.3289857244407925, "_timestamp": 1671206814.5719974, "_runtime": 5350.111338376999, "_step": 124}