{"adversaries all reward": 0.012924502255466642, "agents all reward": -0.09562797461751668, "relative_reward": -0.08270347236205004, "_timestamp": 1671206814.5680127, "_runtime": 5351.241345643997, "_step": 124}