{"adversaries all reward": 12.01281377179974, "agents all reward": -1.978306699587171, "relative_reward": 10.03450707221257, "_timestamp": 1672100556.666233, "_runtime": 665684.353593111, "_step": 6096}