{"adversaries all reward": 0.010332901947850573, "agents all reward": -1.2620122771467686, "relative_reward": -1.251679375198918, "_timestamp": 1671201274.3966463, "_runtime": 4589.6401352882385, "_step": 109}