{"adversaries all reward": 0.0024599318583182163, "agents all reward": -7.694016241305969, "relative_reward": -7.691556309447651, "_timestamp": 1671218524.4691353, "_runtime": 11468.362294197083, "_step": 274}