{"adversaries all reward": 3.0341730135226017, "agents all reward": -0.1, "relative_reward": 2.9341730135226016, "_timestamp": 1671297185.7083519, "_runtime": 10142.935230731964, "_step": 218}