{"a_loss_agent": 0.011217216728255153, "a_loss_adversary": 0.16426655277609825, "adversaries all reward": 6.004176653880582, "agents all reward": -8.981716426033158, "relative_reward": -2.977539772152576, "_timestamp": 1671195389.167815, "_runtime": 3340.371085882187, "_step": 79}