{"adversaries all reward": 12.003304980269352, "agents all reward": -1.734741004756531, "relative_reward": 10.268563975512821, "_timestamp": 1672100556.6579578, "_runtime": 665685.3284378052, "_step": 6096}