{"adversaries all reward": 0.006329120305147323, "agents all reward": -0.11039289095855245, "relative_reward": -0.10406377065340514, "_timestamp": 1671201274.3947527, "_runtime": 4589.370881795883, "_step": 109}