{"adversaries all reward": 6.001240453947143, "agents all reward": -10.141258321153169, "relative_reward": -4.1400178672060255, "_timestamp": 1671434270.2314575, "_runtime": 1549.995150566101, "_step": 13}