{"adversaries all reward": 48.373141142776625, "agents all reward": -1.717164680485236, "relative_reward": 46.65597646229139, "_timestamp": 1672100556.6702845, "_runtime": 665683.7563855648, "_step": 6096}