{"adversaries all reward": 0.010774287636721773, "agents all reward": -0.027029242336282098, "relative_reward": -0.016254954699560325, "_timestamp": 1671347451.7976186, "_runtime": 50007.832154512405, "_step": 1080}