{"adversaries all reward": 6.001442312147802, "agents all reward": -7.814620620938511, "relative_reward": -1.8131783087907092, "_timestamp": 1671431269.893225, "_runtime": 61116.93317484856, "_step": 1341}