{"adversaries all reward": 0.001013526473169176, "agents all reward": -7.19248252516769, "relative_reward": -7.19146899869452, "_timestamp": 1671259219.1773322, "_runtime": 40465.02068519592, "_step": 979}