{"adversaries all reward": 0.012287253723682435, "agents all reward": -0.20062591146153766, "relative_reward": -0.18833865773785521, "_timestamp": 1671369905.093091, "_runtime": 314.0554039478302, "_step": 6}