{"adversaries all reward": 0.0033154524947042723, "agents all reward": -12.916191632068475, "relative_reward": -12.912876179573772, "_timestamp": 1671367413.8357935, "_runtime": 19719.928434610367, "_step": 420}