{"relative_reward": 14.431848501516692, "agents all reward": -0.5723894190146495, "adversaries all reward": 15.004237920531342, "a_loss agent leader": 2.8018478751182556, "a_loss agent follower": 0.0, "c_loss agent leader": 0.002864543639589101, "c_loss agent follower": 0.0, "entropy agent leader": 5.924261927604675, "entropy agent follower": 0.0, "a_loss adversary leader": 2.8832632303237915, "a_loss adversary follower": 2.26814866065979, "c_loss adversary leader": 0.12423986382782459, "c_loss adversary follower": 0.08163947984576225, "entropy adversary leader": 6.217029094696045, "entropy adversary follower": 5.675721883773804, "_timestamp": 1674869370.2849267, "_runtime": 62386.466767549515, "_step": 914}