{"adversaries all reward": 24.003801462808838, "agents all reward": -9.236591803739895, "relative_reward": 14.767209659068943, "_timestamp": 1671431269.8999286, "_runtime": 61117.245874643326, "_step": 1341}