{"adversaries all reward": 0.16163296798613852, "agents all reward": -3.0311877467772965, "relative_reward": -2.869554778791158, "_timestamp": 1671259219.18193, "_runtime": 40464.70905709267, "_step": 979}