{"adversaries all reward": 0.033391924279020685, "agents all reward": -0.5452377135358139, "relative_reward": -0.5118457892567931, "_timestamp": 1671184894.3780599, "_runtime": 283.0486159324646, "_step": 6}