{"adversaries all reward": 3.0189767936906224, "agents all reward": -6.039098639779783, "relative_reward": -3.0201218460891606, "_timestamp": 1671369905.1046143, "_runtime": 314.0422751903534, "_step": 6}