{"adversaries all reward": 6.020762167220415, "agents all reward": -0.7956884428403167, "relative_reward": 5.225073724380098, "_timestamp": 1671201274.4047308, "_runtime": 4589.179381847382, "_step": 109}