{"adversaries all reward": 21.002070209688068, "agents all reward": -5.6204810792877895, "relative_reward": 15.381589130400279, "_timestamp": 1671195389.1710021, "_runtime": 3340.2994742393494, "_step": 79}