{"relative_reward": 24.909010712474394, "agents all reward": -2.0913269752916195, "adversaries all reward": 27.000337687766013, "a_loss agent leader": 3.075677454471588, "a_loss agent follower": 0.0, "c_loss agent leader": 0.022804456762969494, "c_loss agent follower": 0.0, "entropy agent leader": 5.323962688446045, "entropy agent follower": 0.0, "a_loss adversary leader": 2.958508789539337, "a_loss adversary follower": 0.0, "c_loss adversary leader": 1.0258664935827255, "c_loss adversary follower": 0.0, "entropy adversary leader": 6.118643045425415, "entropy adversary follower": 0.0, "_timestamp": 1655533468, "_runtime": 329737, "_step": 5014}