{"relative_reward": 24.63036719910839, "agents all reward": -2.3703675682693537, "adversaries all reward": 27.000734767377747, "a_loss agent leader": 2.911828637123108, "a_loss agent follower": 0.0, "c_loss agent leader": 0.017064038896933198, "c_loss agent follower": 0.0, "entropy agent leader": 5.281106233596802, "entropy agent follower": 0.0, "a_loss adversary leader": 2.799945116043091, "a_loss adversary follower": 0.0, "c_loss adversary leader": 1.1307526230812073, "c_loss adversary follower": 0.0, "entropy adversary leader": 6.09228253364563, "entropy adversary follower": 0.0, "_timestamp": 1655531660, "_runtime": 327929, "_step": 4986}