{"relative_reward": -0.27867422162268357, "agents all reward": -0.2801746805281601, "adversaries all reward": 0.001500458905476521, "a_loss agent leader": 2.8695037961006165, "a_loss agent follower": 0.0, "c_loss agent leader": 0.004799964255653322, "c_loss agent follower": 0.0, "entropy agent leader": 5.72572135925293, "entropy agent follower": 0.0, "a_loss adversary leader": 2.8560418486595154, "a_loss adversary follower": 2.48212593793869, "c_loss adversary leader": 0.2888379320502281, "c_loss adversary follower": 14.078986644744873, "entropy adversary leader": 6.214045763015747, "entropy adversary follower": 5.675753593444824, "_timestamp": 1674566564.0922718, "_runtime": 106528.72024583817, "_step": 1571}