{"adversaries all reward": 0.0029026415915072296, "agents all reward": -3.6861170611536718, "relative_reward": -3.6832144195621646, "_timestamp": 1671201274.395787, "_runtime": 4588.697413921356, "_step": 109}