{"relative_reward": 22.494430376728754, "agents all reward": -1.5287779294545747, "adversaries all reward": 24.023208306183328, "a_loss agent leader": 3.0339989066123962, "a_loss agent follower": 0.0, "c_loss agent leader": 0.03136485582217574, "c_loss agent follower": 0.0, "entropy agent leader": 5.52666163444519, "entropy agent follower": 0.0, "a_loss adversary leader": 2.8793945908546448, "a_loss adversary follower": 0.0, "c_loss adversary leader": 1.627391368150711, "c_loss adversary follower": 0.0, "entropy adversary leader": 6.0915292501449585, "entropy adversary follower": 0.0, "_timestamp": 1662711429, "_runtime": 686440, "_step": 10027}