{"adversaries all reward": 6.007565679185458, "agents all reward": -3.9437376775334716, "relative_reward": 2.063828001651986, "_timestamp": 1671369905.087984, "_runtime": 314.44745111465454, "_step": 6}