{"relative_reward": 17.34932619125319, "agents all reward": -0.660627508482873, "adversaries all reward": 18.009953699736062, "a_loss agent leader": 2.9150659441947937, "a_loss agent follower": 0.0, "c_loss agent leader": 0.014512780820950866, "c_loss agent follower": 0.0, "entropy agent leader": 5.17954957485199, "entropy agent follower": 0.0, "a_loss adversary leader": 2.62021267414093, "a_loss adversary follower": 2.61762934923172, "c_loss adversary leader": 0.8845007568597794, "c_loss adversary follower": 0.7768028974533081, "entropy adversary leader": 6.283936977386475, "entropy adversary follower": 5.675750136375427, "_timestamp": 1674737899.6233885, "_runtime": 27520.260940551758, "_step": 401}