{"relative_reward": -0.011238605468069068, "agents all reward": -0.2306971377018698, "adversaries all reward": 0.21945853223380074, "a_loss agent leader": 2.956221282482147, "a_loss agent follower": 0.0, "c_loss agent leader": 0.004196209833025932, "c_loss agent follower": 0.0, "entropy agent leader": 5.8247997760772705, "entropy agent follower": 0.0, "a_loss adversary leader": 2.7833205461502075, "a_loss adversary follower": 3.433344841003418, "c_loss adversary leader": 0.04648261424154043, "c_loss adversary follower": 26.61211585998535, "entropy adversary leader": 6.261309266090393, "entropy adversary follower": 5.675793647766113, "_timestamp": 1660810068, "_runtime": 74773, "_step": 1122}