{"relative_reward": 17.382422672556345, "agents all reward": -0.6194066406005452, "adversaries all reward": 18.00182931315689, "a_loss agent leader": 3.059830665588379, "a_loss agent follower": 0.0, "c_loss agent leader": 0.02293340489268303, "c_loss agent follower": 0.0, "entropy agent leader": 4.940005898475647, "entropy agent follower": 0.0, "a_loss adversary leader": 2.78784441947937, "a_loss adversary follower": 2.8338425159454346, "c_loss adversary leader": 1.1252580285072327, "c_loss adversary follower": 0.273872472345829, "entropy adversary leader": 5.346401214599609, "entropy adversary follower": 5.6757893562316895, "_timestamp": 1660317988, "_runtime": 349559, "_step": 5225}