{"adversaries all reward": 0.002266220592125328, "agents all reward": -20.302774072684663, "relative_reward": -20.300507852092537, "_timestamp": 1671431993.4481575, "_runtime": 347.79360461235046, "_step": 2}