{"adversaries all reward": 0.0003826513214406324, "agents all reward": -10.566917884592806, "relative_reward": -10.566535233271365, "_timestamp": 1671218524.471352, "_runtime": 11469.402916193008, "_step": 274}