{"adversaries all reward": 21.011440912584728, "agents all reward": -0.7434665944331744, "relative_reward": 20.267974318151552, "_timestamp": 1671195389.159854, "_runtime": 3339.408849000931, "_step": 79}