{"relative_reward": -0.12944919928085272, "agents all reward": -0.12944919928085272, "adversaries all reward": 0.0, "a_loss agent leader": -1.6900576469694992, "a_loss agent follower": 1.50198842126351, "c_loss agent leader": 3.069704180312871, "c_loss agent follower": 1.0018112557938306, "a_loss adversary leader": -1.582995412175225, "a_loss adversary follower": 1.4431960491706666, "c_loss adversary leader": 0.8242493554042551, "c_loss adversary follower": 0.27190490990561605, "_timestamp": 1654569018, "_runtime": 14, "_step": 0}