{"adversaries all reward": 0.016657392985817653, "agents all reward": -14.77341944826901, "relative_reward": -14.756762055283192, "_timestamp": 1671191805.3912299, "_runtime": 6742.536066770554, "_step": 160}