{"relative_reward": -15.166568832198655, "agents all reward": -15.168031244870573, "adversaries all reward": 0.0014624126719185405, "a_loss agent leader": 3.081559121608734, "a_loss agent follower": 0.0, "c_loss agent leader": 0.45871402323246, "c_loss agent follower": 0.0, "entropy agent leader": 5.2328150272369385, "entropy agent follower": 0.0, "a_loss adversary leader": 3.135121524333954, "a_loss adversary follower": 2.7995967268943787, "c_loss adversary leader": 1.0715763866901398, "c_loss adversary follower": 1.10769322514534, "entropy adversary leader": 5.714044451713562, "entropy adversary follower": 5.675754070281982, "_timestamp": 1668852649.6390681, "_runtime": 680562.3190932274, "_step": 5747}