{"adversaries all reward": 12.225458703970677, "agents all reward": -10.450585331011505, "relative_reward": 1.7748733729591724, "_timestamp": 1671431993.4541829, "_runtime": 347.0791988372803, "_step": 2}