{"relative_reward": 0.05282761673446806, "agents all reward": 0.0, "adversaries all reward": 0.05282761673446806, "a_loss agent leader": 2.9288493990898132, "a_loss agent follower": 0.0, "c_loss agent leader": 0.0005559920828090981, "c_loss agent follower": 0.0, "entropy agent leader": 5.10996401309967, "entropy agent follower": 0.0, "a_loss adversary leader": 2.0062257051467896, "a_loss adversary follower": 3.0053664445877075, "c_loss adversary leader": 0.03121236991137266, "c_loss adversary follower": 0.022810465656220913, "entropy adversary leader": 6.059570670127869, "entropy adversary follower": 5.675793647766113, "_timestamp": 1657908812, "_runtime": 358688, "_step": 5362}