{"adversaries all reward": 0.0028503865681507503, "agents all reward": -2.2897710506289948, "relative_reward": -2.286920664060844, "_timestamp": 1671259219.190899, "_runtime": 40464.22753095627, "_step": 979}