{"reward": -1.0321949348962984, "relative_reward": {"adversary_0": 10.0, "adversary_1": 10.0, "agent_0": -67.97188511571319}, "agents all reward": -67.97188511571319, "adversaries all reward": 20.0, "a_loss agent leader": 416.7584175889772, "a_loss agent follower": 4.093542837853728, "c_loss agent leader": 841.7731079114446, "c_loss agent follower": 1.8812623176433123, "a_loss adversary leader": 17.28550523367527, "a_loss adversary follower": 2.530736937747071, "c_loss adversary leader": 42.975888361779624, "c_loss adversary follower": 0.11948026109297519, "_timestamp": 1654533700, "_runtime": 16, "_step": 2}