{"adversaries all reward": 0.008747815384171681, "agents all reward": -2.8216260782032734, "relative_reward": -2.8128782628191016, "_timestamp": 1671206814.5544355, "_runtime": 5350.507656574249, "_step": 124}