{"adversaries all reward": 0.0008119271042446924, "agents all reward": -6.127874552851635, "relative_reward": -6.12706262574739, "_timestamp": 1671369905.0913634, "_runtime": 315.62159848213196, "_step": 6}