{"relative_reward": 0.1, "agents all reward": -0.1, "adversaries all reward": 0.2, "a_loss agent leader": -1.604609941208166, "a_loss agent follower": -0.18093566165139427, "c_loss agent leader": 2.0732091957484275, "c_loss agent follower": 0.18229412021945302, "a_loss adversary leader": -1.5181602328705799, "a_loss adversary follower": 2.460077001268822, "c_loss adversary leader": 1.47485830129628, "c_loss adversary follower": 2.6198367317312354, "_timestamp": 1654573224, "_runtime": 26, "_step": 1}