{"adversaries all reward": 9.008461417335527, "agents all reward": -4.45242029361997, "relative_reward": 4.5560411237155565, "_timestamp": 1671431269.8864152, "_runtime": 61116.64167833328, "_step": 1341}