{"relative_reward": 0.05237585219356977, "agents all reward": 0.0, "adversaries all reward": 0.05237585219356977, "a_loss agent leader": 2.4311463236808777, "a_loss agent follower": 0.0, "c_loss agent leader": 0.0012978994636796415, "c_loss agent follower": 0.0, "entropy agent leader": 5.591131806373596, "entropy agent follower": 0.0, "a_loss adversary leader": 1.470769226551056, "a_loss adversary follower": 2.7553146481513977, "c_loss adversary leader": 0.08444292470812798, "c_loss adversary follower": 0.031190782319754362, "entropy adversary leader": 6.21232795715332, "entropy adversary follower": 5.675749897956848, "_timestamp": 1660396002, "_runtime": 18862, "_step": 280}