{"adversaries all reward": 60.00615303386474, "agents all reward": -2.3148653472505543, "relative_reward": 57.69128768661419, "_timestamp": 1672100556.672981, "_runtime": 665684.8198311329, "_step": 6096}