{"relative_reward": 26.443319732833764, "agents all reward": -0.8999999999999999, "adversaries all reward": 27.343319732833763, "a_loss agent leader": 2.526464343070984, "a_loss agent follower": 0.0, "c_loss agent leader": 0.016329739009961486, "c_loss agent follower": 0.0, "entropy agent leader": 5.934407353401184, "entropy agent follower": 0.0, "a_loss adversary leader": 2.6735461950302124, "a_loss adversary follower": 2.7265310883522034, "c_loss adversary leader": 0.40054795891046524, "c_loss adversary follower": 0.1705884151160717, "entropy adversary leader": 6.253866672515869, "entropy adversary follower": 5.675793647766113, "_timestamp": 1664024789, "_runtime": 1121819, "_step": 17020}