{"adversaries all reward": 0.0002708762213326783, "agents all reward": -6.714644248144332, "relative_reward": -6.714373371922999, "_timestamp": 1671184894.3708634, "_runtime": 282.4091875553131, "_step": 6}