{"adversaries all reward": 0.00011804721932242481, "agents all reward": -18.965044890611768, "relative_reward": -18.964926843392444, "_timestamp": 1671218524.475896, "_runtime": 11468.365273952484, "_step": 274}