{"relative_reward": 34.57727997685005, "agents all reward": -1.4264959766423893, "adversaries all reward": 36.003775953492436, "a_loss agent leader": 2.9150659441947937, "a_loss agent follower": 0.0, "c_loss agent leader": 0.014512780820950866, "c_loss agent follower": 0.0, "entropy agent leader": 5.17954957485199, "entropy agent follower": 0.0, "a_loss adversary leader": 2.62021267414093, "a_loss adversary follower": 2.61762934923172, "c_loss adversary leader": 0.8845007568597794, "c_loss adversary follower": 0.7768028974533081, "entropy adversary leader": 6.283936977386475, "entropy adversary follower": 5.675750136375427, "_timestamp": 1674737899.822508, "_runtime": 27473.0419549942, "_step": 401}