{"relative_reward": 16.457609937016713, "agents all reward": -1.5602062461660613, "adversaries all reward": 18.017816183182774, "a_loss agent leader": 3.1076457500457764, "a_loss agent follower": 0.0, "c_loss agent leader": 0.027578158769756556, "c_loss agent follower": 0.0, "entropy agent leader": 5.650701403617859, "entropy agent follower": 0.0, "a_loss adversary leader": 2.6333175897598267, "a_loss adversary follower": 2.2806337475776672, "c_loss adversary leader": 1.1032874882221222, "c_loss adversary follower": 11.73521375656128, "entropy adversary leader": 6.143582224845886, "entropy adversary follower": 5.675793647766113, "_timestamp": 1660984337, "_runtime": 173744, "_step": 2634}