{"relative_reward": 45.02488176563327, "agents all reward": -3.0801883705909314, "adversaries all reward": 48.1050701362242, "a_loss agent leader": 3.3361880779266357, "a_loss agent follower": 0.0, "c_loss agent leader": 0.9351274967193604, "c_loss agent follower": 0.0, "entropy agent leader": 5.733418703079224, "entropy agent follower": 0.0, "a_loss adversary leader": 2.7109832167625427, "a_loss adversary follower": 3.0246484875679016, "c_loss adversary leader": 0.7224370539188385, "c_loss adversary follower": 0.7529773414134979, "entropy adversary leader": 5.70553457736969, "entropy adversary follower": 5.675754070281982, "_timestamp": 1669292908.7026625, "_runtime": 343333.4760065079, "_step": 2914}