{"adversaries all reward": 6.002793510193767, "agents all reward": -7.324692021352038, "relative_reward": -1.3218985111582713, "_timestamp": 1671218524.4807696, "_runtime": 11468.511528730392, "_step": 274}