{"relative_reward": 8.723141004442274, "agents all reward": -0.30000000000000004, "adversaries all reward": 9.023141004442275, "a_loss agent leader": 2.6919607520103455, "a_loss agent follower": 0.0, "c_loss agent leader": 0.0013386631908360869, "c_loss agent follower": 0.0, "entropy agent leader": 5.182598948478699, "entropy agent follower": 0.0, "a_loss adversary leader": 2.6091718673706055, "a_loss adversary follower": 3.1248450875282288, "c_loss adversary leader": 0.07247382774949074, "c_loss adversary follower": 0.32090575993061066, "entropy adversary leader": 6.155766129493713, "entropy adversary follower": 5.675793647766113, "_timestamp": 1659497478, "_runtime": 127020, "_step": 1916}