{"adversaries all reward": 0.005490358588897838, "agents all reward": -11.377011605283347, "relative_reward": -11.37152124669445, "_timestamp": 1671367413.8369284, "_runtime": 19720.09098148346, "_step": 420}