{"adversaries all reward": 0.03458895522425608, "agents all reward": -0.8480436430392899, "relative_reward": -0.8134546878150338, "_timestamp": 1671201274.4037693, "_runtime": 4588.833562135696, "_step": 109}