{"adversaries all reward": 0.004840372382337555, "agents all reward": -2.8816715032546076, "relative_reward": -2.87683113087227, "_timestamp": 1671206814.5668945, "_runtime": 5351.477176427841, "_step": 124}