{"a_loss_agent": 0.02225974784232676, "a_loss_adversary": 0.04218838643282652, "adversaries all reward": 0.0006321419639156245, "agents all reward": -8.498085456988617, "relative_reward": -8.497453315024702, "_timestamp": 1671218524.4793534, "_runtime": 11469.147580385208, "_step": 274}