{"adversaries all reward": 3.0204353038351393, "agents all reward": -6.366292833449641, "relative_reward": -3.345857529614502, "_timestamp": 1671195389.166378, "_runtime": 3339.320074081421, "_step": 79}