{"adversaries all reward": 0.002465139821570356, "agents all reward": -0.44778359378196375, "relative_reward": -0.4453184539603934, "_timestamp": 1671263798.2193913, "_runtime": 1764.3119132518768, "_step": 40}