{"relative_reward": -1.6039240218383257, "agents all reward": -1.6039240218383257, "adversaries all reward": 0.0, "a_loss agent leader": -1.5679884447128396, "a_loss agent follower": 0.4148512120455161, "c_loss agent leader": 0.9781741266486526, "c_loss agent follower": 0.04241989291170187, "a_loss adversary leader": -2.0585345816707115, "a_loss adversary follower": 1.427612379101025, "c_loss adversary leader": 2.1340822870091234, "c_loss adversary follower": 0.7416936552858762, "_timestamp": 1654582383, "_runtime": 9083, "_step": 928}