{"adversaries all reward": 0.00156044814473451, "agents all reward": -11.484343530646333, "relative_reward": -11.482783082501598, "_timestamp": 1671368866.6044273, "_runtime": 686.0201554298401, "_step": 14}