{"adversaries all reward": 6.006457522486535, "agents all reward": -0.9278256708181989, "relative_reward": 5.078631851668336, "_timestamp": 1671263798.2164364, "_runtime": 1765.5601572990417, "_step": 40}