{"relative_reward": 0.0, "agents all reward": 0.0, "adversaries all reward": 0.0, "a_loss agent leader": 1.6019542013229402, "a_loss agent follower": 3.780819847809059, "c_loss agent leader": 7.928384795990791, "c_loss agent follower": 4.510908869022515, "a_loss adversary leader": -1.708303871235049, "a_loss adversary follower": 1.9802356215355303, "c_loss adversary leader": 0.6603233778062209, "c_loss adversary follower": 0.18890246683774775, "_timestamp": 1654571478, "_runtime": 810, "_step": 80}