{"adversaries all reward": 0.021739220693828373, "agents all reward": -3.2479633879586918, "relative_reward": -3.2262241672648635, "_timestamp": 1671191805.403409, "_runtime": 6742.310959100723, "_step": 160}