{"adversaries all reward": 3.002912890111011, "agents all reward": -3.0230190452899, "relative_reward": -0.02010615517888903, "_timestamp": 1671201274.3993056, "_runtime": 4588.264600515366, "_step": 109}