{"adversaries all reward": 0.010604403598277157, "agents all reward": -2.0919150964818978, "relative_reward": -2.0813106928836205, "_timestamp": 1671263798.22415, "_runtime": 1764.4992818832397, "_step": 40}