{"adversaries all reward": 0.003973251811352876, "agents all reward": -5.508725918787346, "relative_reward": -5.504752666975993, "_timestamp": 1671434270.2388766, "_runtime": 1550.4493556022644, "_step": 13}